 doy | cat | ct_vessels |     avg_sog      |    avg_exc_fur    
-----+-----+------------+------------------+-------------------
  29 |   2 |          1 | 13.6999998092651 | 0.253645300865173
  35 |   5 |          1 | 14.8999996185303 |  1.08695507049561
  36 |   3 |          1 | 19.6000003814697 |  3.85959458351135
  37 |   1 |          1 |             17.5 |  2.04436540603638
  37 |   3 |          1 | 20.7999992370605 |  5.00558090209961
  38 |   1 |         45 | 15.1890322408369 |  1.01202861762816
  38 |   2 |         45 |           16.875 |  1.80697773362315
  38 |   3 |         38 | 19.1362204964705 |  3.30482961436895
  38 |   4 |         33 | 14.0342341844026 | 0.602543694478971
  38 |   5 |         20 | 15.6242423924533 |  2.16534698370731
  38 |   6 |          7 | 15.9555555979411 |  2.71366694238451
  39 |   1 |         31 | 15.1727273594249 | 0.996051033518531
  39 |   2 |         42 | 16.9108108120996 |  1.81366603277825
  39 |   3 |         43 | 18.5285714149475 |  2.77737514121192
  39 |   4 |         36 | 14.0912697807191 | 0.644742553196256
  39 |   5 |         23 | 15.9808218446496 |  2.62967291923418
  39 |   6 |          6 | 17.0210527620817 |  4.20415612270958
  40 |   1 |         25 | 15.3000000908261 |  1.05301691180184
  40 |   2 |         42 |  16.436419751909 |  1.58384006626812
  40 |   3 |         41 | 18.7219100587823 |   2.8556559487675
  40 |   4 |         37 | 14.0120482272412 | 0.580197658165392
  40 |   5 |         22 | 16.0988234912648 |   2.8209634808933
  40 |   6 |          7 | 15.7615385055542 |   2.6457275060507
  41 |   1 |         44 | 14.7620690378649 | 0.825620481474646
  41 |   2 |         43 | 16.6259036179048 |  1.71638497099819
  41 |   3 |         49 | 19.1179999637604 |  3.15716251730919
  41 |   4 |         41 | 14.0121795336405 | 0.579785100924663
  41 |   5 |         21 | 16.0048192954925 |    2.562085513609
  41 |   6 |          5 | 17.2454544414173 |  4.74456535686146
  42 |   1 |         52 | 14.5945454915365 | 0.756680052930659
  42 |   2 |         45 | 16.6229508092495 |  1.71827460312452
  42 |   3 |         50 | 19.3406541503478 |  3.29278593531279
  42 |   4 |         47 | 13.8701086873594 | 0.515512805270112
  42 |   5 |         28 | 15.9026315714184 |  2.57530375530845
  42 |   6 |         12 | 16.2687500119209 |  3.15303675830364
  43 |   1 |         57 | 14.8849514850135 | 0.874833402992452
  43 |   2 |         53 | 16.4776785373688 |  1.62489573551076
  43 |   3 |         49 | 19.4560605829412 |  3.43534686107828
  43 |   4 |         35 | 13.9550847522283 | 0.557285954386501
  43 |   5 |         22 | 15.9491525262089 |  2.66213477061967
  43 |   6 |         12 | 16.4000000392689 |  3.35386394051945
  44 |   1 |         64 | 14.8224066817414 | 0.850433471044564
  44 |   2 |         47 |  16.377884557614 |  1.60763756071146
  44 |   3 |         49 | 19.1500000327525 |  3.24663058796314
  44 |   4 |         37 | 14.0528985313747 | 0.628607115883758
  44 |   5 |         20 | 15.5078947669581 |   2.0469822162076
  44 |   6 |          6 | 16.2833333545261 |  3.29729943805271
  45 |   1 |         65 | 14.8747572713685 | 0.869149261018605
  45 |   2 |         36 | 16.7367521595751 |  1.79478642369947
  45 |   3 |         53 | 18.9044872186123 |  3.04313978170737
  45 |   4 |         43 | 14.0114504107992 | 0.608604046224638
  45 |   5 |         28 | 15.6912499427795 |  2.32802316695452
  45 |   6 |         13 | 15.3583334287008 |  2.07537589470545
  46 |   1 |         53 | 15.1821052952817 | 0.975618174828981
  46 |   2 |         36 | 17.0083332495256 |  0.23118459907445
  46 |   3 |         46 | 18.7466346208866 |  2.94073028862476
  46 |   4 |         44 | 14.2011428724016 | 0.700989292689732
  46 |   5 |         31 | 16.3594060085788 |  3.09086573241961
  46 |   6 |          8 | 15.4937499761581 |  2.14820316433907
  47 |   1 |         56 | 14.8773480831589 | 0.890479796499179
  47 |   2 |         38 | 16.5713286966711 |  1.66279554116976
  47 |   3 |         46 | 19.0596858618771 |  3.22905341992203
  47 |   4 |         45 | 14.2702702651153 | 0.732837510753322
  47 |   5 |         28 | 16.3268816855646 |  3.02290868887337
  47 |   6 |          7 | 15.4052631980494 |  2.15722713972393
  48 |   1 |         58 | 15.0817204290821 | 0.974292071916724
  48 |   2 |         39 | 16.3553956944308 |  1.53104489655803
  48 |   3 |         50 | 19.1114285423642 |  3.22595782279968
  48 |   4 |         45 | 14.2731843394274 |  0.72659724251518
  48 |   5 |         24 | 16.0530120780669 |   2.9382496339729
  48 |   6 |         11 | 15.3212123061671 |  2.05829298135006
  49 |   1 |         56 | 15.1484163379238 | 0.983974323013789
  49 |   2 |         46 | 16.4342540983337 |  1.59229568881883
  49 |   3 |         50 | 19.1101321417855 |  3.20306151553923
  49 |   4 |         47 | 14.2965517138025 | 0.738693556762094
  49 |   5 |         16 | 16.6191489037047 |  3.69957817868983
  49 |   6 |         12 | 15.8277777300941 |  2.72487790054745
  50 |   1 |         56 | 14.9348017654755 | 0.893043217154852
  50 |   2 |         46 | 16.3222222010295 |  1.53065357936753
  50 |   3 |         53 | 19.1417061774087 |  3.23268035011834
  50 |   4 |         45 |   14.14457144601 | 0.649961004257202
  50 |   5 |         20 | 15.7870370546977 |  2.60322563295011
  50 |   6 |         10 | 16.3263158798218 |  3.44330357250414
  51 |   1 |         59 | 14.6500000286102 | 0.786337277889252
  51 |   2 |         40 | 16.7746987859887 |  1.78043084905808
  51 |   3 |         47 | 19.2172248146751 |  3.33852928220941
  51 |   4 |         38 | 14.1113475637233 | 0.629869452605011
  51 |   5 |         23 | 15.9155171493004 |  2.61434990784218
  51 |   6 |         14 | 16.9408162953902 |   4.1631381268404
  52 |   1 |         55 | 14.4307317315078 | 0.691710090055698
  52 |   2 |         41 |  16.933734939759 |  1.86228743375066
  52 |   3 |         44 | 19.2168604495913 |  3.35600707420083
  52 |   4 |         39 |  14.201714314052 | 0.678539334705898
  52 |   5 |         20 | 15.9888888616411 |  2.79708566173675
  52 |   6 |         14 | 16.5863637057218 |   3.6447584845803
  53 |   1 |         52 | 14.5253968465896 | 0.722273742395734
  53 |   2 |         46 | 16.8113924159279 |  1.76623925755296
  53 |   3 |         45 | 19.1420454762199 |  3.27874983982606
  53 |   4 |         39 | 14.3279999542236 | 0.734601550896962
  53 |   5 |         25 | 15.6270270605345 |  2.17972135221636
  53 |   6 |         11 | 16.6083332300186 |  3.56847463051478
  54 |   1 |         54 | 14.7018182176532 | 0.806749435265859
  54 |   2 |         43 | 16.7020689931409 |  1.73063657530423
  54 |   3 |         41 | 19.1695946229471 |  3.23870106323345
  54 |   4 |         32 | 14.1891472912574 | 0.651230367579201
  54 |   5 |         33 | 15.7915662857423 |  2.49351239060781
  54 |   6 |          6 | 15.1299999237061 |   1.8211754322052
  55 |   1 |         50 | 14.5851351634876 | 0.756697483964868
  55 |   2 |         42 | 16.7015152122035 |  1.74024286595258
  55 |   3 |         34 |  19.357142947969 |  3.43225265684582
  55 |   4 |         30 | 14.1500000086698 | 0.652183795517141
  55 |   5 |         20 | 15.7296295519228 |  2.37644839286804
  55 |   6 |          3 | 14.8250002861023 |  1.45564424991608
  56 |   1 |          1 | 13.3000001907349 | 0.230188012123108
  57 |   1 |         34 | 14.4382352828979 | 0.671968056875117
  57 |   2 |         33 | 17.5848485195276 |  2.20296251051354
  57 |   3 |         32 | 19.2218751311302 |  3.28938662260771
  57 |   4 |         17 | 14.3294116749483 | 0.731876331217149
  57 |   5 |         19 |  15.836842235766 |  2.54917178655926
  57 |   6 |          7 | 16.1857143129621 |   3.0336389541626
  58 |   1 |          1 | 14.8000001907349 | 0.765871644020081
  60 |   1 |         28 | 14.4071428094591 | 0.680773247565542
  60 |   2 |         30 | 16.5533332506816 |  1.55192612012227
  60 |   3 |         27 |  18.518518447876 |  2.71623354487949
  60 |   4 |         29 | 14.3896551789909 | 0.766819945697127
  60 |   5 |         11 | 16.0272726579146 |  2.60136785290458
  60 |   6 |          2 | 14.1500000953674 | 0.858066320419312
  61 |   1 |         44 | 14.4114503933273 | 0.681835819746702
  61 |   2 |         42 | 16.5541353942756 |  1.61936600405471
  61 |   3 |         44 |  18.648993255308 |  2.78858185134478
  61 |   4 |         38 | 14.1409448563583 | 0.652094494639419
  61 |   5 |         20 | 15.7587301768954 |  2.42552469836341
  61 |   6 |          7 | 15.0555556615194 |  1.77405956056383
  62 |   1 |         44 | 14.6129032181155 | 0.766399942578808
  62 |   2 |         44 | 16.3150943300259 |  1.46595805096176
  62 |   3 |         41 | 18.9158939588938 |  2.98954619003447
  62 |   4 |         42 |  13.998571402686 | 0.602032122441701
  62 |   5 |         24 | 15.7177419816294 |  2.51018651839226
  62 |   6 |          9 | 16.2620689786714 |  3.13471815503877
  63 |   1 |         49 | 14.7241379419963 | 0.815978411627912
  63 |   2 |         47 | 16.5226600393286 |  1.56286257006265
  63 |   3 |         43 | 18.9787234042553 |  3.02632278330783
  63 |   4 |         54 | 13.9584158859631 | 0.565624697373645
  63 |   5 |         29 | 15.5416666467985 |  2.23975419998169
  63 |   6 |          9 | 16.6181818355214 |  3.60164153937137
  64 |   1 |         50 | 14.6511765255648 | 0.787079360204584
  64 |   2 |         44 | 16.6988888687558 |   1.6776414612929
  64 |   3 |         39 | 19.0613924340357 |  3.11175131043301
  64 |   4 |         57 | 13.8125581342121 | 0.486912613691286
  64 |   5 |         27 | 15.6869047823406 |  2.20531074489866
  64 |   6 |          8 | 17.3136363896457 |  4.57908597859469
  65 |   1 |         45 | 14.6552447805872 |  0.79432503660242
  65 |   2 |         40 |  16.551219434273 |  1.64210994650678
  65 |   3 |         38 | 18.8524193609914 |  2.95011328112695
  65 |   4 |         39 | 13.8573426466722 | 0.503669927170227
  65 |   5 |         24 | 15.8084506719885 |  2.35488494684998
  65 |   6 |          9 | 16.7454546148127 |  3.86158310283314
  66 |   1 |         40 | 14.6660377574417 | 0.786700347122156
  66 |   2 |         39 | 16.8399999701458 |   1.8155849809232
  66 |   3 |         40 |  18.679999863474 |  2.80809166305944
  66 |   4 |         42 | 13.8894736975954 | 0.527642607688904
  66 |   5 |         22 |  16.087500055631 |  2.66356864074866
  66 |   6 |          9 | 16.8549999237061 |  3.86533360481262
  67 |   1 |         44 | 14.6991803137982 | 0.796965536035475
  67 |   2 |         51 | 16.5904762574605 |  1.68602995503516
  67 |   3 |         34 | 18.2009803734574 |  2.45947220512465
  67 |   4 |         44 |  13.853846175854 | 0.513861466371096
  67 |   5 |         25 | 16.8671641420962 |  3.67914703710755
  67 |   6 |         11 | 16.9807691940895 |  4.05084562301636
  68 |   1 |         42 | 14.8504065149199 | 0.860695687735953
  68 |   2 |         47 |  16.680232463881 |  1.72001723771872
  68 |   3 |         40 | 18.4785713771033 |  2.67177383672623
  68 |   4 |         41 | 13.9879032258065 | 0.574638340742357
  68 |   5 |         30 | 16.0029850290782 |  2.70337309766172
  68 |   6 |          9 | 16.8791668017705 |   3.8401882648468
  69 |   1 |         47 | 14.7590476717268 | 0.843438101382483
  69 |   2 |         42 | 16.8765151645198 |  1.85500337318941
  69 |   3 |         44 | 18.4079645545082 |  2.57995710963697
  69 |   4 |         39 |  14.211702093165 | 0.663237268620349
  69 |   5 |         24 | 15.7285714319774 |  2.39011880329677
  69 |   6 |         11 |  15.861111164093 |  2.82174791230096
  70 |   1 |         43 | 14.9488549924079 |  0.91232718038195
  70 |   2 |         43 | 16.7884848854759 |  1.77211479490454
  70 |   3 |         42 | 18.6479166878594 |  2.81466135879358
  70 |   4 |         38 | 14.0853658536585 | 0.605016271273295
  70 |   5 |         20 | 15.2272727272727 |   1.8383666656234
  70 |   6 |          9 | 16.2653845640329 |  3.16420800869281
  71 |   1 |         47 | 14.9803797564929 | 0.936458797394475
  71 |   2 |         49 |    16.7476189988 |  1.76063136898336
  71 |   3 |         46 | 18.6259668782271 |  2.79206930471389
  71 |   4 |         48 | 14.2162650062377 | 0.682677771671709
  71 |   5 |         20 | 15.4020833770434 |  2.03738456467787
  71 |   6 |         12 | 16.0571427685874 |   2.9031800031662
  72 |   1 |         45 |  14.541721874515 |   0.7397104438567
  72 |   2 |         44 | 17.1111110713747 |  1.94056877659427
  72 |   3 |         44 | 18.9698717533014 |  3.09434608618418
  72 |   4 |         40 | 14.3142857228903 | 0.729781852628952
  72 |   5 |         19 | 15.7914893576439 |  2.35983925170087
  72 |   6 |         10 |          16.8125 |  4.01499487956365
  73 |   1 |         44 | 14.6322314522483 | 0.774769870702885
  73 |   2 |         38 | 17.2600000208074 |  2.03974714712663
  73 |   3 |         45 | 18.7817390939464 |  2.93906604932702
  73 |   4 |         47 | 14.1194444232517 | 0.653722573209692
  73 |   5 |         18 |  15.890243832658 |  2.51590008851958
  73 |   6 |          9 | 15.1333333651225 |  1.80461894141303
  74 |   1 |         49 | 14.9320000203451 | 0.903006629943848
  74 |   2 |         48 | 16.7073619292558 |  1.69731880111928
  74 |   3 |         35 |        18.703125 |   2.8771050311625
  74 |   4 |         42 | 13.9559701378666 | 0.572461011694438
  74 |   5 |         23 | 15.5627450755998 |  2.22658085355572
  74 |   6 |          6 | 15.1999999880791 |  1.82519555091858
  75 |   1 |         51 | 15.1590361939855 |  1.01160006278969
  75 |   2 |         54 | 16.8253164713896 |  1.72391569388064
  75 |   3 |         40 | 18.9700728924605 |  3.13525638963184
  75 |   4 |         39 | 14.1042373301619 | 0.625342331700406
  75 |   5 |         26 | 15.4385965414215 |  2.16457659319827
  75 |   6 |         12 | 15.1730769230769 |  1.89372016833379
  76 |   1 |         56 | 15.2253968677824 |  1.03420099001082
  76 |   2 |         47 | 16.8620690066239 |  1.78896515533842
  76 |   3 |         44 | 18.8472440824734 |  2.97453251973851
  76 |   4 |         41 | 13.9924528013985 | 0.575811387233014
  76 |   5 |         28 | 15.9285714437091 |  2.67202596058921
  76 |   6 |          8 | 15.5391305011252 |  2.32710691120314
  77 |   1 |         47 | 15.0223602389697 | 0.935900098048382
  77 |   2 |         47 | 17.0855491671259 |   1.9639462584016
  77 |   3 |         43 | 18.6872727827592 |  2.84308373711326
  77 |   4 |         42 | 14.1249999806688 | 0.634691585560103
  77 |   5 |         29 | 15.9288888083564 |    2.601085946295
  77 |   6 |         11 | 15.4153846227206 |  2.13959228075468
  78 |   1 |         57 | 14.5948837502058 | 0.761394371820051
  78 |   2 |         49 | 16.8761904630711 |  1.86455128621803
  78 |   3 |         45 | 18.9584159095689 |  3.02449791384215
  78 |   4 |         41 | 14.3314685621462 | 0.744131023233587
  78 |   5 |         29 | 15.9801801475319 |  2.64933231070235
  78 |   6 |         14 |  15.921052706869 |  2.74266815185547
  79 |   1 |         41 | 14.4296875670552 | 0.686334355268627
  79 |   2 |         49 |  16.769142881121 |    1.821301244327
  79 |   3 |         36 | 18.8949275085891 |  3.01202656393466
  79 |   4 |         30 | 14.5226414878413 | 0.841007130325965
  79 |   5 |         22 | 15.6053333918254 |  2.06559800306956
  79 |   6 |          8 | 16.5583333174388 |   3.6475093960762
  80 |   1 |         34 | 14.8164835290594 | 0.836621397799188
  80 |   2 |         42 | 17.0055117794848 |  1.99005201200801
  80 |   3 |         36 | 18.7461538498218 |   2.9263763496509
  80 |   4 |         35 | 14.4088889439901 | 0.771048641204834
  80 |   5 |         25 | 15.5194029167517 |   1.9611503277252
  80 |   6 |          8 | 16.2772727446123 |  3.13848848776384
  82 |   4 |          1 |             14.5 | 0.735278964042664
  87 |   1 |          1 | 14.1999998092651 | 0.534063577651978
  92 |   2 |          1 |               14 | 0.357041239738464
  92 |   4 |          1 | 13.3999996185303 | 0.312381029129028
  94 |   1 |          1 | 14.1000003814697 | 0.497621297836304
  94 |   2 |          1 |               15 | 0.743157267570496
  94 |   3 |          1 | 16.3999996185303 | 0.869094610214233
  94 |   4 |          1 | 12.8000001907349 | 0.131070375442505
  94 |   5 |          1 | 14.6000003814697 |  1.29463291168213
  95 |   1 |         44 | 14.6297619456337 | 0.785985892017682
  95 |   2 |         39 | 16.6528089716193 |  1.68710116857893
  95 |   3 |         35 | 18.9536233155624 |  3.02298332988352
  95 |   4 |         37 | 13.7217948864668 | 0.475148248366821
  95 |   5 |         28 | 15.6111111464324 |  2.33685231650317
  95 |   6 |         10 |  17.221052721927 |  4.52790318037334
  96 |   1 |         44 | 14.5492957880799 | 0.738792444618655
  96 |   2 |         47 | 16.4342696264888 |  1.48621782560027
  96 |   3 |         35 | 18.7113636045745 |  2.80351438124975
  96 |   4 |         36 | 13.9781249836087 | 0.564691044390202
  96 |   5 |         30 | 15.7134146341463 |  2.51041731311054
  96 |   6 |         11 |  15.982758653575 |  3.03554640145137
  97 |   1 |         32 | 14.8435293870814 | 0.857901174180648
  97 |   2 |         45 | 16.4180451299911 |  1.49948982815993
  97 |   3 |         37 | 19.1304762159075 |  3.07763538587661
  97 |   4 |         44 | 13.8414141240746 | 0.520814233356052
  97 |   5 |         17 | 16.0205882857828 |  2.83623553023619
  97 |   6 |          9 | 16.2695652505626 |  3.22014951705933
  98 |   1 |         43 | 14.9311320466815 | 0.919206609141152
  98 |   2 |         41 | 16.6462068755051 |  1.60856482571569
  98 |   3 |         33 | 18.7199999491374 |  2.75935503641764
  98 |   4 |         41 | 14.1181817835028 | 0.660685877366499
  98 |   5 |         25 | 15.3254545211792 |  1.98863875649192
  98 |   6 |          9 | 16.2785714353834 |   3.2688900743212
  99 |   1 |         52 | 14.5826666704814 | 0.770241847832998
  99 |   2 |         55 | 16.5369918792228 |  1.60631668616117
  99 |   3 |         47 | 18.9143617406805 |   2.9616725977431
  99 |   4 |         44 | 13.7900621520807 | 0.488672310521144
  99 |   5 |         26 | 15.3736111058129 |  2.04920377996233
  99 |   6 |         11 | 16.0659090388905 |   2.9748320796273
 100 |   1 |         59 | 14.7114155085664 | 0.816684480943636
 100 |   2 |         52 | 16.5962441090687 |  1.63534398873647
 100 |   3 |         46 | 18.7578124701977 |  2.91468082616727
 100 |   4 |         52 |   14.02279072695 | 0.593087113735288
 100 |   5 |         22 | 15.4896550342954 |  2.21773836119422
 100 |   6 |         16 | 15.7387096958776 |  2.51117380203739
 101 |   1 |         58 | 14.7095000314713 | 0.809460110366344
 101 |   2 |         36 | 16.6117186844349 |  1.62914074584842
 101 |   3 |         41 | 18.6974843343099 |  2.91594039119265
 101 |   4 |         51 | 13.9209302802419 | 0.545737056538116
 101 |   5 |         18 | 17.6191490863232 |  30.9369503538659
 101 |   6 |         15 | 16.6785714058649 |  3.78257015773228
 102 |   1 |         54 | 14.9919355146347 | 0.932887471491291
 102 |   2 |         38 | 16.8094890622327 |  1.80417468774058
 102 |   3 |         34 | 18.9100000034679 |  3.13641360673037
 102 |   4 |         43 | 13.6830645376636 | 0.452854852522573
 102 |   5 |         20 | 16.4600000169542 |  3.29568541844686
 102 |   6 |         10 | 16.4864864091615 |  3.49069890460453
 103 |   1 |         65 | 14.7958140173624 | 0.848998112456743
 103 |   2 |         45 | 17.0668789444456 |  1.96902877358115
 103 |   3 |         30 | 18.8010101125698 |  2.98265090374031
 103 |   4 |         36 | 13.7862385391095 | 0.495825625340873
 103 |   5 |         15 | 16.2368421052632 |  3.04320450205552
 103 |   6 |         11 | 16.9277777671814 |  3.93793267673916
 107 |   2 |          1 |             14.5 | 0.709609031677246
 108 |   2 |          1 |               16 |  1.18642926216125
 108 |   4 |          1 | 14.1000003814697 | 0.566772699356079
 108 |   5 |          1 | 13.8999996185303 | 0.481489419937134
 109 |   1 |         45 | 15.2163398343753 |  1.02967474546308
 109 |   2 |         48 | 17.1953845831064 |  2.01439313460619
 109 |   3 |         47 | 18.5965714154925 |  2.79936361312866
 109 |   4 |         34 | 13.9919708001353 | 0.558881771825526
 109 |   5 |         30 | 15.7593749562899 |  2.30037485063076
 109 |   6 |          9 |  15.931818225167 |  2.80393199487166
 110 |   1 |         42 | 15.2739837537936 |  1.06372100793249
 110 |   2 |         41 | 16.8282609055008 |  1.77318181162295
 110 |   3 |         37 | 18.8296000366211 |   2.9901965007782
 110 |   4 |         45 | 13.9375000463592 | 0.540564441018634
 110 |   5 |         27 | 16.1814285823277 |  2.91214635031564
 110 |   6 |          9 | 16.2428571837289 |  3.07198463167463
 111 |   1 |         39 | 15.1879433165205 |  1.01323603104192
 111 |   2 |         41 | 17.0152940357433 |  1.96621660414864
 111 |   3 |         47 | 18.6675531103256 |  2.76538690607598
 111 |   4 |         40 | 14.1350993478535 | 0.641210649187202
 111 |   5 |         21 | 15.8162162239487 |  2.31932233153163
 111 |   6 |         11 | 16.1972222593096 |  3.03295743465424
 112 |   1 |         36 | 15.4559055838998 |  1.12968310878033
 112 |   2 |         46 | 16.9115183116254 |  1.87892762029358
 112 |   3 |         46 | 18.8756345564944 |  2.93130706530537
 112 |   4 |         40 | 14.3571428707668 |  0.73612430862018
 112 |   5 |         27 | 16.0473684135236 |  2.60196382905308
 112 |   6 |         16 |  16.097222328186 |  3.07546344068315
 113 |   1 |         41 | 15.3308270533282 |  1.07527368723002
 113 |   2 |         44 | 16.9651933533052 |  1.90307998920673
 113 |   3 |         44 | 19.0026595744681 |   3.0611681811353
 113 |   4 |         46 | 14.1706249535084 | 0.688875036686659
 113 |   5 |         25 | 16.1963854870164 |  2.95276979653232
 113 |   6 |         14 | 16.1567567619118 |  3.24265723615079
 114 |   1 |         38 | 15.4776119402985 |  1.15826149396042
 114 |   2 |         52 | 17.0831632614136 |  1.91347612531818
 114 |   3 |         49 | 19.2230768815065 |  3.19860653846692
 114 |   4 |         48 | 14.0921787816053 |  0.62774857196062
 114 |   5 |         27 | 15.9505882375381 |  2.70421825717477
 114 |   6 |          7 | 16.2612902733587 |   3.0816931263093
 115 |   1 |         47 | 15.4590604001244 |  1.15671208360851
 115 |   2 |         38 | 17.0048192782574 |  1.85217154600534
 115 |   3 |         34 | 19.2971014492754 |  3.38712388363437
 115 |   4 |         43 | 13.9063953410747 | 0.546907099873521
 115 |   5 |         23 | 16.1212766525593 |   2.9290358956824
 115 |   6 |         12 | 16.5897435652904 |  3.54894051185021
 116 |   1 |         48 | 15.1293333180745 | 0.999321359793345
 116 |   2 |         52 | 16.4603174552716 |  1.59102707186704
 116 |   3 |         39 | 19.3743243217468 |  3.48700116453944
 116 |   4 |         37 |  14.039393974073 | 0.589735218972871
 116 |   5 |         35 | 15.8043859716047 |  2.61845168314482
 116 |   6 |         10 | 17.0435896897927 |  4.09813097195748
 117 |   1 |         41 | 15.0464788759258 | 0.943127443253154
 117 |   2 |         41 | 16.2289941042838 |  1.42115447154412
 117 |   3 |         42 | 19.1928571292332 |  3.26323429601533
 117 |   4 |         39 | 14.0305555727747 | 0.608224141101042
 117 |   5 |         29 | 15.8095238731021 |  2.54650380497887
 117 |   6 |         10 | 17.0000001412851 |  4.02296391239873
 118 |   1 |         39 | 14.5562500357628 | 0.718108443915844
 118 |   2 |         32 | 16.6216216860591 |  1.63174522245252
 118 |   3 |         33 | 19.5761904489426 |  3.57967084646225
 118 |   4 |         34 | 13.8373333485921 | 0.504795260429382
 118 |   5 |         21 | 15.9857143447513 |  2.76614287069866
 118 |   6 |          6 | 16.8799999872843 |   3.8704140663147
 120 |   1 |          1 | 17.2999992370605 |  1.93868935108185
 121 |   1 |          1 | 17.2999992370605 |  1.93868935108185
 121 |   2 |          1 | 17.7000007629395 |  2.04667568206787
 123 |   1 |         27 | 15.0481481552124 |  0.96384620224988
 123 |   2 |         21 | 16.6809524808611 |  1.66426568939572
 123 |   3 |         29 | 19.3620690312879 |  3.45232014820493
 123 |   4 |         28 | 13.9392857210977 | 0.561609766313008
 123 |   5 |         14 | 15.8285715920585 |  2.46923461982182
 123 |   6 |          4 | 16.6250002384186 |  3.69666731357574
 124 |   1 |         48 | 15.3415584997697 |  1.09105271178407
 124 |   2 |         47 | 16.6578947424191 |  1.66130809546911
 124 |   3 |         43 | 19.3911950573231 |  3.48345888035852
 124 |   4 |         37 | 14.0310077667236 | 0.598898421886355
 124 |   5 |         23 | 15.7295774809072 |  2.39106885144408
 124 |   6 |         11 | 15.7999999419503 |  2.61256149540777
 125 |   1 |         48 |  15.291572988703 |  1.07257200995188
 125 |   2 |         48 | 16.6415000295639 |  1.69774283587933
 125 |   3 |         47 | 19.2231958821877 |  3.29996893577969
 125 |   4 |         33 | 14.2532374361436 | 0.697383410639043
 125 |   5 |         29 | 15.8030000114441 |  2.53592695832253
 125 |   6 |          7 | 15.8181819915771 |  2.59873880039562
 126 |   1 |         46 | 15.0723076649201 | 0.970337079427181
 126 |   2 |         53 | 16.8792000007629 |  1.78321201515198
 126 |   3 |         41 | 19.1922279812511 |  3.27285373149141
 126 |   4 |         36 | 14.0765823110749 | 0.616422136373158
 126 |   5 |         33 | 16.1745762097633 |  2.90466049364058
 126 |   6 |         13 |  16.157692359044 |  3.16353983145494
 127 |   1 |         53 |  15.302083303531 |  1.06367006432265
 127 |   2 |         54 | 16.9049107006618 |  1.83984990098647
 127 |   3 |         47 | 18.9546798367806 |  3.03053243524335
 127 |   4 |         36 | 14.1076336562179 | 0.640902539245955
 127 |   5 |         30 | 15.8739130683567 |   2.4910185471825
 127 |   6 |          8 | 16.5285714694432 |   3.6941260099411
 128 |   1 |         52 | 15.1597222155995 | 0.996833603001303
 128 |   2 |         47 | 17.5136053837886 |  2.21803177132898
 128 |   3 |         45 | 19.2399999689173 |  3.29339306972645
 128 |   4 |         37 | 14.0830188517301 | 0.620334909771973
 128 |   5 |         27 | 16.2370370111348 |  3.01200955885428
 128 |   6 |         10 | 16.8909090648998 |   4.1389377117157
 129 |   1 |         51 | 15.0670658899638 | 0.974466158244424
 129 |   2 |         45 | 17.2318750560284 |  2.06968948766589
 129 |   3 |         44 | 18.9128049175914 |  3.02018736048443
 129 |   4 |         38 | 13.9458332856496 |  0.56223835448424
 129 |   5 |         30 | 15.9571428753081 |   2.4973847369353
 129 |   6 |          9 | 15.6566667238871 |  2.32123082478841
 130 |   1 |         40 | 14.5580357738904 | 0.749764926731586
 130 |   2 |         41 | 16.6747967867347 |  1.76357325402702
 130 |   3 |         41 | 19.0559633412492 |  3.10577826762418
 130 |   4 |         36 | 14.0443396118452 | 0.614030243090864
 130 |   5 |         22 | 16.2596491094221 |  2.92786921116344
 130 |   6 |          4 | 17.0714287757874 |  3.99926825932094
 131 |   1 |         45 | 14.3517241532775 | 0.637543052434921
 131 |   2 |         45 | 16.3390532160652 |  1.54624687214575
 131 |   3 |         49 | 19.3719298267922 |  3.38142547412225
 131 |   4 |         46 | 14.0006329439863 | 0.575993937782094
 131 |   5 |         24 | 16.5583333571752 |   3.3205898337894
 131 |   6 |         10 |            16.85 |  3.78455165624619
 132 |   1 |         45 | 14.3299212793666 | 0.640832365028501
 132 |   2 |         48 | 16.5149484123151 |  1.61534748433791
 132 |   3 |         50 | 18.9635870353035 |  3.01671672644822
 132 |   4 |         45 | 13.9840278095669 | 0.564056028094557
 132 |   5 |         25 | 16.4200000127157 |  3.25233273188273
 132 |   6 |         13 | 16.2000000100387 |  2.99411057171069
 133 |   1 |         45 | 14.8139534828275 | 0.856350130119989
 133 |   2 |         54 | 16.9029125519169 |  1.87151887115923
 133 |   3 |         47 | 18.8180904005041 |  2.88392564639374
 133 |   4 |         44 | 13.9641509445958 | 0.587355741914713
 133 |   5 |         22 | 16.4127906644067 |  3.20144349198009
 133 |   6 |         12 | 16.2071428639548 |  3.11797429834093
 134 |   1 |         50 | 14.7415204354894 | 0.808621007796617
 134 |   2 |         46 | 16.7668571254185 |  1.82045288154057
 134 |   3 |         49 | 18.6913043496689 |  2.78146354127045
 134 |   4 |         40 | 14.0244604563542 |  0.57889435445662
 134 |   5 |         26 | 16.6183908177518 |  3.60749502839713
 134 |   6 |          3 | 14.6285715103149 |  1.27387837001256
 135 |   1 |         51 | 14.5794701797283 | 0.748839619538642
 135 |   2 |         51 | 16.9184396892575 |  1.90664986431176
 135 |   3 |         44 | 18.9734694422508 |   3.0525161636119
 135 |   4 |         45 | 14.0574468247434 | 0.592918598060067
 135 |   5 |         25 | 16.1345454996282 |   2.9597836451097
 135 |   6 |          6 | 15.1545455239036 |  1.78216327320446
 136 |   1 |         50 | 14.3518518636256 | 0.646110206842422
 136 |   2 |         46 | 16.4884146248422 |  1.61111996668141
 136 |   3 |         44 | 19.5525316769564 |  3.58592223366605
 136 |   4 |         43 | 13.9602339504755 | 0.542746335442303
 136 |   5 |         29 | 15.5628205323831 |  2.16252339497591
 136 |   6 |         13 | 15.5275862792443 |  2.28165399617162
 137 |   1 |         49 | 14.4195312559605 | 0.702148731332272
 137 |   2 |         43 | 16.4488888422648 |   1.6167784664366
 137 |   3 |         35 |  19.361068711026 |  3.39297129179685
 137 |   4 |         38 | 14.1180952344622 | 0.626345550446283
 137 |   5 |         22 | 16.5859375149012 |  3.58948473259807
 137 |   6 |         13 |   16.31290318889 |  3.20672362850558
 138 |   1 |         54 | 14.4901234897566 | 0.728557792342739
 138 |   2 |         45 | 16.5114458095596 |  1.59446845212615
 138 |   3 |         46 | 19.5326424534457 |  3.50583696241823
 138 |   4 |         40 | 13.8587837863613 | 0.514433530536858
 138 |   5 |         23 | 16.1689654712019 |  3.01702811663178
 138 |   6 |         12 |  16.333333284427 |  3.24730763068566
 139 |   1 |         55 | 14.7457446950547 | 0.836349984115743
 139 |   2 |         51 |  16.429533647132 |  1.55620368218793
 139 |   3 |         49 | 19.4920398275651 |  3.46804603771191
 139 |   4 |         44 | 13.9871165620769 | 0.565482084736502
 139 |   5 |         30 | 15.7374999739907 |  2.53515623374419
 139 |   6 |         17 | 16.2510204899068 |  3.07836138472265
 140 |   1 |         47 |  14.653892271533 |  0.79461704899451
 140 |   2 |         58 | 16.7113300755693 |  1.76128798224069
 140 |   3 |         41 | 18.8312849545612 |  2.95515310164936
 140 |   4 |         41 | 13.8567999801636 | 0.505565784454346
 140 |   5 |         24 | 15.6484848513748 |  2.39023223790255
 140 |   6 |         12 | 15.8216215082117 |  2.57322758597297
 141 |   1 |         46 | 14.9467152992304 |  0.93840551680892
 141 |   2 |         48 | 16.9803571417218 |  1.91724646517209
 141 |   3 |         48 | 18.7982455917269 |  2.92670117763051
 141 |   4 |         37 | 14.0084033613445 | 0.589408194317537
 141 |   5 |         25 | 15.9901639750746 |  2.65887783394485
 141 |   6 |          9 | 16.1413791919577 |  2.92102544061069
 142 |   1 |         22 | 14.6272727359425 | 0.774204636161978
 142 |   2 |         30 | 17.0033334414164 |  1.88632737398148
 142 |   3 |         35 | 18.8628571646554 |  2.98674890654428
 142 |   4 |         20 | 14.1449998855591 | 0.656828182935715
 142 |   5 |          9 | 16.0555554495917 |  3.01007588704427
 142 |   6 |          1 | 18.2999992370605 |  5.58495616912842
 144 |   1 |         27 | 15.3703703350491 |  1.12465385595957
 144 |   2 |         31 | 16.7774194594352 |  1.78968880253453
 144 |   3 |         24 | 18.8291664918264 |  2.98733960588773
 144 |   4 |         21 | 14.0142856779553 | 0.567738992827279
 144 |   5 |         16 | 15.2875000834465 |  1.80835253000259
 144 |   6 |          4 | 16.4249999523163 |  3.19127440452576
 152 |   2 |          1 | 15.1999998092651 | 0.827515959739685
 156 |   2 |          1 | 15.1999998092651 | 0.827515959739685
 158 |   1 |          1 | 13.6999998092651 | 0.358432173728943
 158 |   2 |          1 |             17.5 |  2.54666662216187
 159 |   1 |         41 | 15.2310811248985 |  1.05202933259912
 159 |   2 |         29 | 16.4787233839644 |  1.64959404569991
 159 |   3 |         29 | 18.9052631980494 |  3.01769667340998
 159 |   4 |         18 | 13.9718750119209 |  0.54946082085371
 159 |   5 |         17 |  15.203703739025 |  1.84380922052595
 159 |   6 |          5 |  16.800000084771 |  3.89105939865112
 160 |   1 |         46 | 15.7991735679059 |  1.31764503993279
 160 |   2 |         41 | 16.7881889793817 |  1.81728058255564
 160 |   3 |         43 | 18.6141791557198 |   2.7982411526922
 160 |   4 |         24 |  13.664705879548 |  0.42556209248655
 160 |   5 |         26 | 15.7454545859135 |  2.30287067456679
 160 |   6 |         10 | 15.1476190657843 |  1.77391651698521
 161 |   1 |         49 | 14.9878980369325 | 0.940629805728888
 161 |   2 |         36 | 16.9267080851964 |  1.86383261961967
 161 |   3 |         44 | 18.8200000160619 |  2.90808539641531
 161 |   4 |         36 | 13.5187500204359 | 0.364788386438574
 161 |   5 |         26 | 15.8797467750839 |   2.6418508185616
 161 |   6 |          8 | 14.8687500953674 |  1.50459176301956
 162 |   1 |         43 | 14.7026845432768 | 0.798584017177556
 162 |   2 |         42 | 17.3314916810937 |  2.01513913257346
 162 |   3 |         55 | 18.4395917931382 |  2.58474458772309
 162 |   4 |         39 | 13.7649253660174 | 0.464368330008948
 162 |   5 |         22 | 16.0036585621718 |  2.77443298479406
 162 |   6 |         15 |  15.054054105604 |   1.7142396746455
 163 |   1 |         33 | 14.7010526355944 | 0.806368710492787
 163 |   2 |         39 | 17.2437955689256 |  1.96093261763997
 163 |   3 |         49 | 18.5071428276244 |  2.64704589900516
 163 |   4 |         36 | 13.7160919671771 | 0.446937282880147
 163 |   5 |         16 | 16.7024999380112 |   3.5587705552578
 163 |   6 |          4 | 15.7375000715256 |  2.50004786252975
 164 |   1 |         41 | 14.8025640911526 | 0.857507907427274
 164 |   2 |         40 | 16.8976190506466 |   1.8058256014945
 164 |   3 |         46 | 18.4127273097183 |  2.58123540011319
 164 |   4 |         32 | 13.9318181904879 | 0.563892255046151
 164 |   5 |         19 | 16.4370967188189 |  3.39135396096014
 164 |   6 |          3 | 17.3857143947056 |  4.69820758274623
 165 |   1 |         39 | 14.7907691955566 | 0.823309930012776
 165 |   2 |         46 | 16.7186335332645 |  1.75823736709097
 165 |   3 |         50 | 18.8832558121792 |   3.0377491773561
 165 |   4 |         29 | 13.9775510126231 | 0.608408520416338
 165 |   5 |         23 | 16.8081394683483 |  3.76008997684301
 165 |   6 |          8 | 15.7529411315918 |  2.72158791037167
 166 |   1 |         44 | 15.1128000259399 | 0.989042679309845
 166 |   2 |         36 | 17.1589552039531 |  2.03145347335445
 166 |   3 |         54 | 19.1146464684997 |  3.23504738253776
 166 |   4 |         34 | 13.9725274410877 | 0.570353452975933
 166 |   5 |         17 | 16.6937499841054 |  3.58062546948592
 166 |   6 |         11 | 15.9081081441931 |  2.73352991568076
 167 |   1 |         44 | 15.2827868617949 |  1.05621353231493
 167 |   2 |         41 | 16.9327730691733 |  1.88933688352088
 167 |   3 |         50 | 18.8462500452995 |  2.99858324676752
 167 |   4 |         39 | 13.9094736701564 | 0.553387668258265
 167 |   5 |         18 | 15.5408162876051 |  2.14319308923215
 167 |   6 |          6 | 17.6666666666667 |  4.90824824287778
 168 |   1 |         50 | 15.1168674503464 | 0.982219370014696
 168 |   2 |         46 | 17.2593334070841 |  2.13886942307154
 168 |   3 |         48 | 18.3989898989899 |  2.56226429433534
 168 |   4 |         45 | 14.1668750166893 |  3.83013124763966
 168 |   5 |         22 | 15.8237287068771 |  2.43620105921212
 168 |   6 |         16 | 17.4094340306408 |  16.5273652346629
 169 |   1 |         52 | 15.4427807649827 |   1.1410363724525
 169 |   2 |         38 | 17.2005746666042 |  2.06695755733841
 169 |   3 |         56 | 18.6132479040032 |  2.74629611846728
 169 |   4 |         45 |  14.117575749484 | 0.659349776759292
 169 |   5 |         29 | 15.4648936251377 |  2.07383556315239
 169 |   6 |         15 | 15.9470588459688 |  2.75543135287715
 170 |   1 |         43 | 15.6055999755859 |  1.20580336809158
 170 |   2 |         39 |  17.398507410021 |  2.16983645442706
 170 |   3 |         51 | 18.9329896612266 |  3.01486752082392
 170 |   4 |         38 |  13.918017997398 | 0.553213400883718
 170 |   5 |         21 |  14.611764646044 |  1.05189893759933
 170 |   6 |          9 | 16.2407406347769 |  2.99802873752735
 171 |   1 |         43 | 15.1176470588235 | 0.976812885088079
 171 |   2 |         37 | 16.5901960859112 |  1.69903918925454
 171 |   3 |         45 | 18.9750000803094 |  3.08554689037172
 171 |   4 |         36 | 13.8862745154138 | 0.524228194180657
 171 |   5 |         17 | 14.9599999291556 |  1.48757029260908
 171 |   6 |          9 |  15.360000038147 |  2.01092216968536
 172 |   1 |         34 | 15.5647727901285 |  1.18370888314464
 172 |   2 |         25 | 16.0949153253588 |  1.34520458568961
 172 |   3 |         50 |  19.203278713539 |  3.28686248083584
 172 |   4 |         32 | 13.9204081710504 | 0.538327788820072
 172 |   5 |         14 | 15.6906250715256 |  2.48527464270592
 172 |   6 |          3 | 15.3714286259242 |  2.03608397075108
 173 |   1 |         37 | 14.9379310059821 | 0.915965966109572
 173 |   2 |         42 | 16.3168316642837 |  1.49517934511204
 173 |   3 |         49 | 18.6895424337948 |  2.82483640839072
 173 |   4 |         33 | 13.8489796482787 | 0.505966522255722
 173 |   5 |         22 | 16.1203703527097 |  2.91450473335054
 173 |   6 |          5 | 16.1307695095356 |  2.99979914151705
 174 |   1 |         35 | 15.3157895406087 |  1.07709304543964
 174 |   2 |         43 | 16.3868420625988 |  1.52794943436196
 174 |   3 |         42 | 18.3718309536786 |  2.56055385461995
 174 |   4 |         31 | 13.5705882128547 | 0.388008605732637
 174 |   5 |         24 | 15.7410256190178 |  2.55773747425813
 174 |   6 |          6 | 16.1904763267154 |  2.99512620199294
 175 |   1 |         49 | 15.0815603716154 | 0.965023374726586
 175 |   2 |         51 | 16.7487046582711 |  1.76354033218147
 175 |   3 |         48 | 18.6821052651656 |  2.73632602440683
 175 |   4 |         26 | 13.7729412191054 | 0.481654367727392
 175 |   5 |         22 | 17.1283783010534 |  4.25097736635724
 175 |   6 |          7 | 15.9772728139704 |  2.72758384184404
 176 |   1 |         41 | 14.9051020486014 | 0.910603205160219
 176 |   2 |         48 | 16.5467105288255 |  1.65891043449703
 176 |   3 |         51 | 18.7897435946342 |  2.84529594580332
 176 |   4 |         22 | 13.9980392082065 | 0.598577073976105
 176 |   5 |         19 | 16.7897959923258 |  3.62815180603339
 176 |   6 |          6 | 15.6200001398722 |  2.31331516901652
 177 |   1 |         32 | 15.6059524218241 |  1.23335034364746
 177 |   2 |         54 | 16.9129213000951 |  1.84757170248567
 177 |   3 |         52 | 18.6298136740738 |  2.79968715158309
 177 |   4 |         32 | 13.7843373539936 | 0.482004987188132
 177 |   5 |         24 | 16.5673076923077 |  3.46519787036456
 177 |   6 |         10 | 15.9428571065267 |  2.67935648418608
 178 |   1 |         21 | 15.7684211730957 |  1.29958328447844
 178 |   2 |         40 | 16.5099999639723 |  1.63413264486525
 178 |   3 |         41 | 18.4195402956557 |  2.61910790136491
 178 |   4 |         22 |  13.614285673414 | 0.404774495533534
 178 |   5 |         13 | 15.3230769817646 |  1.66573936205644
 178 |   6 |          5 | 15.9230768497174 |  2.64585781097412
 180 |   2 |          1 | 18.7999992370605 |  2.65801477432251
 181 |   1 |          1 |             13.5 | 0.292907416820526
 181 |   2 |          2 | 16.1000003814697 |  1.33861082792282
 182 |   1 |         16 | 14.8500000238419 | 0.869521990418434
 182 |   2 |         15 | 16.2800000508626 |  1.57471304734548
 182 |   3 |         16 | 17.7624999284744 |  2.04964646697044
 182 |   4 |         12 | 13.7750000158946 | 0.491545140743256
 182 |   5 |          5 | 18.2799995422363 |  6.11281371116638
 182 |   6 |          1 |             18.5 |  5.89575862884521
 183 |   2 |          1 | 16.6000003814697 |  1.47622835636139
 183 |   5 |          1 | 15.8000001907349 |  1.24523162841797
 184 |   1 |         20 | 14.7350001335144 | 0.802086764574051
 184 |   2 |         31 | 16.6677418678038 |  1.79227477888907
 184 |   3 |         38 | 18.8657895138389 |  2.95012105766096
 184 |   4 |         15 | 13.9866666793823 | 0.546975572903951
 184 |   5 |         13 | 15.1000000408718 |  1.81397470406124
 184 |   6 |          5 | 14.9666666984558 |  1.66828791300456
 185 |   1 |         32 | 14.9220338918395 | 0.880851363731643
 185 |   2 |         35 | 16.4785714830671 |  1.64578000647681
 185 |   3 |         64 | 18.7294573377269 |  2.86358511725137
 185 |   4 |         32 | 13.7377048711308 |  0.44879183417461
 185 |   5 |         24 | 15.3999999441752 |  1.96492817343735
 185 |   6 |          6 | 15.0181818008423 |  1.63525659387762
 186 |   1 |         41 |  14.784693834733 | 0.830299154836304
 186 |   2 |         39 | 16.3487603605286 |  1.54555955307543
 186 |   3 |         58 | 18.6624309265811 |  2.80243518866228
 186 |   4 |         42 | 13.6657894954347 | 0.425150406988044
 186 |   5 |         27 | 15.7704225593889 |  2.39088790853259
 186 |   6 |          9 | 14.8909090648998 |  1.51868497241627
 187 |   1 |         30 | 14.5214285753211 | 0.705551443051319
 187 |   2 |         46 | 16.6866141942542 |  1.70975682585258
 187 |   3 |         56 | 18.6781553712863 |   2.7950149462061
 187 |   4 |         34 | 13.8857142403012 | 0.525802513531276
 187 |   5 |         27 | 15.5804879025715 |  2.21182311598848
 187 |   6 |          9 | 15.3172414713892 |  1.98981127245673
 188 |   1 |         24 | 15.1059701691813 | 0.982778555421687
 188 |   2 |         26 | 16.7753423534028 |  1.76882065648902
 188 |   3 |         35 | 18.8415842150698 |  3.01091244197128
 188 |   4 |         23 | 14.1032786447494 | 0.638878071894411
 188 |   5 |         14 | 15.9821428571429 |  2.76477867364883
 188 |   6 |          3 | 15.1857144492013 |  1.76779460906982
 189 |   1 |         23 | 15.1333333386315 | 0.996299292478297
 189 |   2 |         31 | 17.0972972990156 |  1.97658967649614
 189 |   3 |         27 | 18.6191303750743 |   2.7566729027292
 189 |   4 |         22 | 14.3589285612106 | 0.762517100998333
 189 |   5 |          7 | 15.8444442219204 |  2.60172357824114
 189 |   6 |          6 | 15.0999999326818 |  1.73274584377513
 190 |   1 |         24 | 14.4857142463563 | 0.715204642878638
 190 |   2 |         24 | 17.1500000357628 |  1.93141961097717
 190 |   3 |         27 | 18.4768518695125 |  2.61358560676928
 190 |   4 |         15 | 13.9458333055178 | 0.573180913925171
 190 |   5 |          9 | 16.7333334059942 |  4.12254208610171
 190 |   6 |          5 | 14.6214286259242 |   1.2677333014352
 191 |   1 |         18 | 14.5181818225167 | 0.691858696666631
 191 |   2 |         26 | 16.5696202773082 |  1.74083943759339
 191 |   3 |         27 | 19.0230768853491 |  3.09985381430322
 191 |   4 |         17 | 13.7964285441807 | 0.485910517828805
 191 |   5 |         12 | 15.8515152208733 |  2.63348888628411
 191 |   6 |          6 | 14.6200001716614 |  1.28112268447876
 192 |   1 |         39 | 14.5440476281302 | 0.724820686947732
 192 |   2 |         33 |  16.823170778228 |  1.74577993154526
 192 |   3 |         38 | 19.5901960672117 |  3.57243988093208
 192 |   4 |         23 | 13.9108695361925 |  0.55016154050827
 192 |   5 |         16 | 16.5405405147656 |  3.63621173678218
 192 |   6 |          7 | 17.0666669209798 |  4.29348794619242
 193 |   1 |         30 | 14.7187500298023 | 0.826993174850941
 193 |   2 |         22 | 16.6603773944783 |  1.78103436838906
 193 |   3 |         30 | 18.7694444656372 |  2.82327286071248
 193 |   4 |         20 | 14.3318181688135 | 0.757134394212203
 193 |   5 |          6 | 17.2578947167648 |  4.64593375356574
 193 |   6 |          3 | 17.6142856052944 |  5.17699146270752
 194 |   1 |         49 | 15.1503758896562 | 0.997654874073832
 194 |   2 |         38 |  16.813829787234 |  1.88789428421792
 194 |   3 |         51 | 18.4496644039282 |  2.58832547968666
 194 |   4 |         27 | 14.0764705714057 | 0.619758960078744
 194 |   5 |         26 | 16.3368420182613 |   3.3302185284464
 194 |   6 |          7 | 16.7842105564318 |  4.03098146538985
 195 |   1 |         30 | 14.8024096431502 | 0.829183961971697
 195 |   2 |         25 | 16.6168674790716 |  1.78281748438456
 195 |   3 |         37 | 18.9113475447851 |  2.99923659216428
 195 |   4 |         19 | 13.5846154286311 | 0.401579926564143
 195 |   5 |         15 | 15.9527776771122 |    2.633572038677
 195 |   6 |          6 | 15.7799999237061 |  2.78440518379211
 196 |   1 |         41 | 14.8637362888881 | 0.874028378790552
 196 |   2 |         26 | 17.0685714449201 |  2.05126943247659
 196 |   3 |         45 | 18.8065789749748 |  2.92648412679371
 196 |   4 |         23 | 13.8746666717529 | 0.515922991434733
 196 |   5 |         14 | 16.3272727041534 |  3.02772626009854
 196 |   6 |          8 |  16.464706028209 |  3.44835208444034
 197 |   1 |         38 | 14.7647059384514 | 0.837986341043681
 197 |   2 |         29 | 16.9547619592576 |  1.97636464238167
 197 |   3 |         46 | 19.0915032056422 |  3.14685218162786
 197 |   4 |         28 | 13.8276315864764 | 0.507658432973059
 197 |   5 |         18 | 15.5604166388512 |  2.16494804620743
 197 |   6 |          8 | 15.5117647507611 |  2.33292495503145
 198 |   1 |         42 | 15.0071428551966 | 0.943808145669042
 198 |   2 |         30 | 16.9121952056885 |   1.8875010289797
 198 |   3 |         39 |  18.686885224014 |  2.86964761038296
 198 |   4 |         30 | 13.6957142557417 | 0.440080191407885
 198 |   5 |         16 | 15.1714285441807 |  1.72369888282958
 198 |   6 |          4 | 15.4374997615814 |    2.089419901371
 199 |   1 |         27 | 15.3999999706562 |  1.09570196316792
 199 |   2 |         22 | 16.6785713945116 |  1.71148197352886
 199 |   3 |         39 | 18.4922330541518 |  2.72372249723638
 199 |   4 |         21 | 13.9795917783465 |  0.58665821746904
 199 |   5 |         14 | 15.1516129586004 |  1.75117667259709
 199 |   6 |          5 | 14.8111111323039 |  1.46268961164686
 200 |   1 |         16 | 18.3000000119209 | -5.77927297353745
 200 |   2 |          9 | 17.7555555767483 |  2.37605500221252
 200 |   3 |         21 |             18.5 |   2.6871532031468
 200 |   4 |         12 | 13.8166666825612 | 0.498817096153895
 200 |   5 |          3 | 16.4999996821086 |  3.36799510320028
 201 |   1 |         26 | 15.6607143708638 |  1.21135823428631
 201 |   2 |         27 | 16.3179105075438 |  1.52695548178545
 201 |   3 |         37 | 18.8404494510608 |  3.00664232018289
 201 |   4 |         27 |  14.012727321278 | 0.621209504387595
 201 |   5 |          5 | 16.6133331298828 |  3.56829148928324
 201 |   6 |          2 |             17.5 |  5.01653242111206
 202 |   1 |         17 | 14.8521738467009 | 0.832675599533579
 202 |   2 |         25 | 16.9499998728434 |  1.90290940999985
 202 |   3 |         31 | 18.4513514750713 |  2.66094403009157
 202 |   4 |         10 | 14.2900002479553 | 0.765255737304688
 202 |   5 |         10 | 16.7461539048415 |  3.53661740743197
 202 |   6 |          4 |  16.639999961853 |  4.01233882904053
 203 |   1 |         26 | 15.2984615032489 |  1.07191416208561
 203 |   2 |         32 | 16.8114285877773 |  1.72576100145067
 203 |   3 |         42 | 18.3054348282192 |  2.50354803385942
 203 |   4 |         17 | 13.7607142584664 |  0.47198987858636
 203 |   5 |         14 | 16.1517241576622 |  2.99109299429532
 203 |   6 |          3 | 18.6714289528983 |  7.08644832883562
 204 |   1 |         11 | 15.4818179390647 |  1.16604984348471
 204 |   2 |         15 | 17.3266665776571 |  2.03789954185486
 204 |   3 |         18 | 18.7722223069933 |  2.88716852664948
 204 |   4 |          4 | 13.9249999523163 |  0.52034068107605
 204 |   5 |          9 | 15.4222221374512 |  2.02747050921122
 204 |   6 |          1 | 21.2999992370605 |  11.2541131973267
 205 |   1 |         18 | 15.3700000127157 |  1.08695239424706
 205 |   2 |         24 | 17.1476189976647 |  1.98880103088561
 205 |   3 |         32 | 18.8126984248086 |  2.95228069169181
 205 |   4 |         17 | 13.7870967926518 | 0.496046181648008
 205 |   5 |         13 | 15.1105262856734 |  1.67461959939254
 205 |   6 |          3 | 15.8799999237061 |  2.64090452194214
 206 |   1 |         16 | 15.7875000834465 |  1.32514780387282
 206 |   2 |         10 | 16.6099998474121 |  1.61458135843277
 206 |   3 |         23 | 18.9652173415474 |  3.00815341783606
 206 |   4 |          8 | 13.7124999761581 | 0.459864884614944
 206 |   5 |          5 | 15.7000001907349 |  2.58452529907227
 206 |   6 |          1 | 18.6000003814697 |  6.05447864532471
 207 |   1 |         18 |  15.794444349077 |  1.31837352116903
 207 |   2 |         11 |  17.236363584345 |  2.09475976770574
 207 |   3 |         20 | 18.1549999237061 |  2.36451730728149
 207 |   4 |          8 | 14.2250000238419 | 0.656890884041786
 207 |   5 |         11 | 15.4818181991577 |  1.97034018689936
 207 |   6 |          3 | 17.8000005086263 |  5.12520488103231
 212 |   2 |          1 | 17.6000003814697 |  2.61696290969849
 213 |   1 |         12 | 14.7500000794729 | 0.795428593953451
 213 |   2 |          8 |  15.887500166893 |  1.31915086507797
 213 |   3 |         19 | 18.8736843309904 |  3.02324596204256
 213 |   4 |          9 | 14.3111111323039 | 0.680644591649373
 213 |   5 |          4 | 16.0750000476837 |  2.88370114564896
 213 |   6 |          2 |               15 |  1.59441375732422
 216 |   3 |          1 | 18.3999996185303 |  2.75270247459412
 219 |   1 |          1 | 13.3000001907349 | 0.230188012123108
 219 |   3 |          3 |             18.5 |  2.79893191655477
 219 |   4 |          1 |             15.5 |  1.23966562747955
 219 |   5 |          2 | 14.2999997138977 | 0.717938184738159
 220 |   1 |         21 | 16.6931817314842 | -2.36056973852895
 220 |   2 |         21 | 17.1333333197094 |   2.1186251668703
 220 |   3 |         41 | 19.0368421052632 |  3.06592725452624
 220 |   4 |         23 | 14.0363636016846 | 0.583396031097932
 220 |   5 |          9 | 14.6058823641609 |  1.05893613310421
 220 |   6 |          1 | 18.3499994277954 |  5.66210699081421
 221 |   1 |         18 | 15.0961539195134 |  1.00589958062539
 221 |   2 |         17 | 16.8173912297124 |  1.93709463140239
 221 |   3 |         28 |  19.027027078577 |  3.08715944032411
 221 |   4 |         17 | 14.2884615751413 | 0.711574538395955
 221 |   5 |         10 | 15.4769229888916 |  2.16537011586703
 222 |   1 |         31 | 15.5162162136387 |  1.20363864544276
 222 |   2 |         26 | 16.4184615795429 |  1.63941745758057
 222 |   3 |         37 | 19.1104166110357 |  3.21589079747597
 222 |   4 |         19 | 14.1428571233944 | 0.672393283065485
 222 |   5 |         10 | 15.9153846227206 |  2.50711950889001
 222 |   6 |          5 | 15.3888889948527 |  2.04169352849325
 223 |   1 |         24 | 15.2859374880791 |   1.0379291549325
 223 |   2 |         27 | 17.0484374314547 |  2.01043067127466
 223 |   3 |         33 | 18.6128205030392 |  2.79676669071882
 223 |   4 |         19 | 14.5891304638075 |  0.90514542615932
 223 |   5 |         11 | 16.0159999084473 |   2.8360057258606
 223 |   6 |          6 | 16.4666665395101 |   3.2551851272583
 224 |   1 |         26 | 15.0833333015442 |  0.95365523563491
 224 |   2 |         28 | 17.4615384091388 |   2.2780808367572
 224 |   3 |         32 | 18.4663865385937 |  2.59279070581709
 224 |   4 |         23 | 14.1078124791384 | 0.645550416782498
 224 |   5 |         11 | 16.5157895088196 |  3.32709481841639
 224 |   6 |          4 | 16.7923078536987 |  3.77540228917049
 225 |   1 |         30 | 15.3757280979342 |  1.09661885719855
 225 |   2 |         25 | 17.1976470722872 |  2.17729461894316
 225 |   3 |         33 | 18.7177570022155 |   2.7603939515408
 225 |   4 |         22 | 14.0416666666667 | 0.586127948760986
 225 |   5 |         14 | 15.6789471977635 |  2.29035278370506
 225 |   6 |          5 |  16.586666615804 |  3.46934550603231
 226 |   1 |         36 | 15.5901515411608 |  1.18659965558486
 226 |   2 |         31 | 17.1385321135915 |  2.05895066698757
 226 |   3 |         34 | 19.1328244391288 |   3.1933850313871
 226 |   4 |         15 | 13.5471698113208 | 0.381899725716069
 226 |   5 |         14 | 16.1914285932268 |   3.0202875818525
 226 |   6 |          2 | 16.6444444656372 |  3.49963755077786
 227 |   1 |         28 | 15.0850574888032 | 0.967741910753579
 227 |   2 |         30 | 16.1028571128845 |  1.44638550622123
 227 |   3 |         33 | 19.3318681821718 |  3.42633410862514
 227 |   4 |         16 | 13.7589742953961 | 0.476630742733295
 227 |   5 |         10 | 15.6466666857402 |  2.31084490617116
 227 |   6 |          5 | 16.4249999523163 |  3.33701554934184
 228 |   1 |         19 | 15.1244444317288 | 0.967286010583242
 228 |   2 |         17 | 16.8538463054559 |  1.95586372338808
 228 |   3 |         25 | 19.3093749284744 |  3.38597823679447
 228 |   4 |         12 | 13.6307692160973 | 0.411981743115645
 228 |   5 |          9 | 16.1055556933085 |  2.98336765501234
 228 |   6 |          2 | 16.7400001525879 |  3.59800682067871
 230 |   5 |          1 | 18.2999992370605 |  5.64667940139771
 231 |   1 |         30 |  15.325396916223 |  1.08942953556303
 231 |   2 |         24 | 17.1050846617101 |  1.99010679681422
 231 |   3 |         31 | 18.6309860390677 |  2.75495367654612
 231 |   4 |         15 | 14.0888889365726 | 0.634869598680072
 231 |   5 |         13 | 15.2166666454739 |   1.8479835457272
 231 |   6 |          3 | 16.3222222858005 |  3.06256373723348
 232 |   1 |         26 | 15.3602410052196 |  1.12675117871847
 232 |   2 |         27 | 16.9219512396712 |  1.82316423043972
 232 |   3 |         23 | 18.4306122137576 |  2.63869843920883
 232 |   4 |         20 | 14.2637680993564 | 0.720852941706561
 232 |   5 |         10 | 14.4826086293096 | 0.820210498312245
 232 |   6 |          7 |  15.013333384196 |  1.68460098902384
 233 |   1 |         22 | 15.7428572177887 |  1.29494202349867
 233 |   2 |         28 | 17.4194444947773 |  2.14902014202542
 233 |   3 |         23 | 18.3129032504174 |  2.48191821190619
 233 |   4 |         11 | 14.1826087288235 |  0.67622767324033
 233 |   5 |          4 | 14.3777776294284 | 0.770157337188721
 233 |   6 |          2 |             15.3 |  1.92355537414551
 234 |   1 |         31 | 15.5157894502606 |  1.18879123633368
 234 |   2 |         30 | 16.5619048466758 |  1.65545033840906
 234 |   3 |         39 | 18.6234693916476 |  2.73881923179237
 234 |   4 |         18 | 13.8413043436797 | 0.497834179712378
 234 |   5 |          8 | 15.3187499642372 |  2.13170470297337
 234 |   6 |          4 |  15.233333269755 |  1.85196471214294
 235 |   1 |         24 | 15.6468750536442 |  1.21316009946167
 235 |   2 |         24 |  16.386440648871 |  1.57504955792831
 235 |   3 |         20 |  18.613043439561 |  2.72538495063782
 235 |   4 |         17 | 13.5708333452543 | 0.388968087732792
 235 |   5 |         13 | 15.8071429048266 |  2.59116871867861
 235 |   6 |          6 |  15.864285673414 |  2.70545778955732
 236 |   1 |         21 | 16.0970148684374 |   1.4250601690207
 236 |   2 |         20 | 16.7767123261543 |  1.78132233227769
 236 |   3 |         24 |  18.950588203879 |  3.05587908520418
 236 |   4 |         28 | 13.7397590430386 | 0.454766417124185
 236 |   5 |         18 |  15.611627889234 |  2.47457126129505
 236 |   6 |          8 | 16.1833332379659 |   3.4235294924842
 237 |   1 |         23 | 15.9017240425636 |  1.34987326017742
 237 |   2 |         22 | 16.3571427549635 |  1.56105809552329
 237 |   3 |         22 | 18.8724138325658 |  2.97518196599237
 237 |   4 |         20 | 13.9510204159484 | 0.564243007679375
 237 |   5 |         11 | 15.7476190385364 |  2.46146329811641
 237 |   6 |          6 |             15.5 |  2.49359185879047
 238 |   1 |         34 | 15.6137930990636 |  1.20764887264405
 238 |   2 |         22 |  16.809091010651 |  1.87521811119922
 238 |   3 |         28 | 18.7063157533344 |  2.82840423082051
 238 |   4 |         25 | 13.9634146341463 | 0.573892855062717
 238 |   5 |         16 | 15.4028572627476 |  1.94254726001195
 238 |   6 |          2 | 17.3000001907349 |  4.63547778129578
 239 |   1 |         26 | 15.3749999719508 |  1.09111722953179
 239 |   2 |         22 | 17.2311474221652 |  2.01125652086539
 239 |   3 |         34 | 18.9475000143051 |  3.09046631753445
 239 |   4 |         18 | 13.8060000228882 | 0.500221936702728
 239 |   5 |         12 | 15.3862068570893 |  1.65963376801589
 240 |   1 |         29 | 15.5239437130136 |  1.21050946057682
 240 |   2 |         23 | 17.4921053083319 |  2.31947047616306
 240 |   3 |         41 | 18.8815789724651 |  3.05472264948644
 240 |   4 |         24 | 13.8478261145993 | 0.507548584454302
 240 |   5 |         21 | 15.1947368153355 |  1.72269354786789
 240 |   6 |          1 | 14.0500001907349 | 0.776814460754395
 241 |   1 |         25 | 15.5192307508909 |  1.21061055820722
 241 |   2 |         19 | 16.5131579449302 |  1.72317728870793
 241 |   3 |         37 |  19.055294081744 |  3.18343763631933
 241 |   4 |         17 | 13.6564102906447 | 0.419926166534424
 241 |   5 |          6 | 16.3937500119209 |  3.17415250837803
 241 |   6 |          2 | 14.9500000476837 |  1.56696689128876
 242 |   1 |          1 | 13.3000001907349 | 0.230188012123108
 243 |   1 |         25 | 14.7611110475328 | 0.840425920155313
 243 |   2 |         13 | 16.2555556297302 |  1.57326758570141
 243 |   3 |         23 | 18.3452378681728 |  2.55843096120017
 243 |   4 |         13 | 13.7347825506459 | 0.466496706008911
 243 |   5 |         13 | 15.9299998283386 |  2.43526049852371
 243 |   6 |          3 | 17.5999999046326 |  4.78247630596161
 244 |   1 |         35 | 14.7283019479716 | 0.794390866778932
 244 |   2 |         23 | 16.5902777115504 |   1.7365563561519
 244 |   3 |         32 | 18.3439024483285 |  2.60152543851031
 244 |   4 |         20 | 14.0474576303514 | 0.611805493548765
 244 |   5 |         14 | 16.1288888719347 |   2.7489284462399
 244 |   6 |         10 | 16.0920000076294 |  2.90349950790405
 245 |   1 |         35 | 14.2129032381119 |  0.57798251733985
 245 |   2 |         33 | 16.7466019750799 |  1.91843787906239
 245 |   3 |         35 | 18.4476190143161 |  2.71135426324511
 245 |   4 |         24 | 14.0784810223157 |  0.64041954203497
 245 |   5 |         19 | 16.1085714067732 |  2.77060419661658
 245 |   6 |          7 | 15.8777777883742 |   2.5739971001943
 246 |   1 |         25 | 14.3875000079473 | 0.670120051337613
 246 |   2 |         30 | 16.6642857506162 |  1.84244047743934
 246 |   3 |         38 | 18.6043477597444 |    2.833132476392
 246 |   4 |         25 | 14.0684210375736 | 0.617686436364525
 246 |   5 |         16 | 16.0166665911674 |  2.65607175727685
 246 |   6 |          4 | 15.1999999826605 |  1.83191308108243
 247 |   1 |         42 | 14.5586466251459 | 0.740973179949854
 247 |   2 |         36 | 16.7411765010417 |  1.92404553970369
 247 |   3 |         40 | 18.6724831753929 |  2.83742512472524
 247 |   4 |         22 | 14.1784810295588 |  0.68683991703806
 247 |   5 |         13 | 15.8258064639184 |  2.57156547423332
 247 |   6 |          6 | 15.1916666825612 |  1.83388797442118
 248 |   1 |         34 | 14.4423076678545 | 0.680109398487287
 248 |   2 |         34 | 16.4333333571752 |  1.63293606539567
 248 |   3 |         44 | 18.8263158128973 |  2.88945166479077
 248 |   4 |         25 | 14.1723403930664 | 0.688577317176981
 248 |   5 |         14 | 15.1869564471037 |  1.76242883309074
 248 |   6 |          7 | 16.0799999237061 |  2.92740225791931
 249 |   1 |         28 | 14.8351351248251 | 0.854668431990855
 249 |   2 |         27 |  16.135227300904 |  1.46542221849615
 249 |   3 |         33 | 18.8384615641374 |  2.84330488397525
 249 |   4 |         23 |  14.072727246718 | 0.643115119500594
 249 |   5 |         15 | 15.5511111577352 |  2.15122158262465
 249 |   6 |          7 | 15.5000000794729 |  2.11357001463572
 250 |   1 |         32 | 14.7703296745216 | 0.836178490748772
 250 |   2 |         27 | 16.1840708065877 |  1.52978972523613
 250 |   3 |         38 | 19.0801526571958 |  3.11446474344676
 250 |   4 |         20 | 13.8915492984611 | 0.551611057469543
 250 |   5 |         13 | 16.1725000619888 |  3.06938306093216
 250 |   6 |          7 | 15.6705883811502 |  2.32521898606244
 251 |   1 |         37 | 14.6151898299591 | 0.760585779630685
 251 |   2 |         26 | 16.4912499904633 |  1.73692141324282
 251 |   3 |         38 | 18.9353535392068 |  3.04716164897187
 251 |   4 |         23 | 13.9158730128455 | 0.537942666856069
 251 |   5 |         14 | 15.8499998748302 |  2.46854660660028
 251 |   6 |          6 | 15.6400001525879 |  2.30660467147827
 252 |   1 |          1 | 13.3999996185303 | 0.261192560195923
 255 |   1 |         18 | 14.6166667938232 | 0.746762673060099
 255 |   2 |         20 | 16.0625000596046 |  1.36743585392833
 255 |   3 |         24 | 18.9179487961989 |  3.00411007343194
 255 |   4 |         19 |  13.945161327239 | 0.577714662398061
 255 |   5 |         13 | 14.9749999046326 |  1.50529292821884
 255 |   6 |          1 | 15.1999998092651 |  1.77957534790039
 256 |   1 |         37 | 14.8195877075195 | 0.862582722890008
 256 |   2 |         32 | 16.4935483522313 |  1.60296795573286
 256 |   3 |         44 | 18.5854014236562 |  2.73191506845238
 256 |   4 |         36 | 14.0466666645474 | 0.609132395850288
 256 |   5 |         14 | 15.8027027233227 |  2.46147908391179
 256 |   6 |          8 | 16.4631581055491 |  3.41109998602616
 257 |   1 |         24 | 14.6877550981483 | 0.803345902841918
 257 |   2 |         29 | 16.2913042842478 |    1.544919680858
 257 |   3 |         22 | 18.0844827849289 |  2.37556044808749
 257 |   4 |         14 | 13.9999999334646 | 0.579054327898247
 257 |   5 |         13 | 15.4363636537032 |  1.96194185993888
 257 |   6 |          6 |  15.924999833107 |  2.60751754045486
 258 |   1 |         13 | 14.5928570543017 | 0.736338915569442
 258 |   2 |         27 | 16.4630768996019 |  1.70377776255974
 258 |   3 |         23 | 18.6816665649414 |  2.94831785758336
 258 |   4 |         14 | 13.3739130185998 | 0.312347132226695
 258 |   5 |         13 | 16.4458333651225 |  3.27857433756193
 258 |   6 |          4 | 15.7700002670288 |  2.52617774009705
 273 |   1 |          1 | 13.3999996185303 | 0.261192560195923
 276 |   1 |          1 | 14.8999996185303 | 0.806617617607117
 287 |   2 |          1 | 14.1000003814697 | 0.392834424972534
 289 |   1 |         13 | 14.5923076776358 | 0.759739825358758
 289 |   2 |         22 | 17.7090908830816 |  2.45663691108877
 289 |   3 |         22 | 18.9227271513505 |   2.9558381058953
 289 |   4 |         21 | 13.7727273160761 | 0.460739314556122
 289 |   5 |         10 | 17.1000000953674 |  3.92521963119507
 289 |   6 |          4 | 16.9249999523163 |  3.84057009220123
 290 |   2 |          1 | 15.1000003814697 |  0.78505539894104
 299 |   1 |         20 | 14.6850000858307 | 0.792678198218346
 299 |   2 |         18 | 15.5944445927938 |  1.18409462107552
 299 |   3 |         15 | 19.1666669209798 |  3.30281050999959
 299 |   4 |         13 | 14.0384616118211 | 0.561653549854572
 299 |   5 |          9 | 16.4666668574015 |  3.42754435539246
 299 |   6 |          3 | 17.6333332061768 |  4.74346987406413
 300 |   1 |         42 | 14.6036035864203 | 0.758572199860135
 300 |   2 |         40 |  16.630882361356 |  1.89720436930656
 300 |   3 |         26 | 18.9142857588731 |  3.12357918937485
 300 |   4 |         35 | 14.1858490098198 | 0.657911853970222
 300 |   5 |         18 | 16.8137930672744 |  3.87637034777937
 300 |   6 |          4 | 15.2857142857143 |  2.00300148555211
 301 |   1 |         31 |  14.661224540399 | 0.789023932145566
 301 |   2 |         36 | 16.9042373269291 |  2.06196836697853
 301 |   3 |         23 | 19.0543479297472 |  3.21166423351868
 301 |   4 |         27 | 14.0718446750085 | 0.597712463545568
 301 |   5 |          9 | 17.8805556032393 |  5.45708515246709
 301 |   6 |          2 | 14.4666668574015 |  1.13362375895182
 302 |   1 |         33 | 14.5907407513371 | 0.781809634632535
 302 |   2 |         35 | 16.6906250044703 |  1.89147894177586
 302 |   3 |         23 | 18.6853932798578 |  2.85393511043506
 302 |   4 |         23 | 14.2199999809265 | 0.678859630227089
 302 |   5 |         10 | 17.1285716193063 |  4.15558899470738
 302 |   6 |          4 | 15.5750000476837 |  2.33712824185689
 303 |   1 |         28 | 14.8806817965074 | 0.896984602917324
 303 |   2 |         28 | 17.2728260392728 |  2.20859382463538
 303 |   3 |         27 | 18.6552379971459 |  2.74890218235198
 303 |   4 |         21 | 13.9732394151285 | 0.555871662959247
 303 |   5 |         10 | 16.8374999463558 |  3.92705710977316
 303 |   6 |          5 |  17.466666618983 |  4.72171723842621
 304 |   1 |         29 | 14.9802469206445 | 0.962250819912663
 304 |   2 |         23 | 16.9000000804663 |  1.96313668601215
 304 |   3 |         32 | 18.5824742268041 |  2.73643187395076
 304 |   4 |         19 | 14.1492063280136 | 0.662798892884027
 304 |   5 |         13 | 17.0210526365983 |  3.93111201963927
 304 |   6 |          1 | 17.9199996948242 |  5.02269515991211
 305 |   1 |         31 | 14.4973214524133 |  0.73217485845089
 305 |   2 |         27 | 16.7641974555122 |  1.89805907084618
 305 |   3 |         25 | 18.6762376162085 |  2.87325155144871
 305 |   4 |         26 | 13.8142856870379 | 0.497202212160284
 305 |   5 |         14 | 16.4779660014783 |  3.27814323013112
 305 |   6 |          3 | 15.9499999682109 |  2.79666153589884
 306 |   1 |         29 | 14.3746032109336 | 0.670335313630482
 306 |   2 |         27 | 16.3258064793002 |  1.64512415855162
 306 |   3 |         32 | 18.8824324736724 |  3.09428578776282
 306 |   4 |         24 | 13.9914892886547 |  0.56691143106907
 306 |   5 |         16 | 16.7171428407942 |  3.61207169805254
 306 |   6 |          2 |               14 |  0.73717737197876
 307 |   1 |         33 | 14.3207207671157 | 0.634859977004764
 307 |   2 |         23 | 16.6086956210758 |  1.83995255827904
 307 |   3 |         30 | 18.6326922820165 |  2.87330389710573
 307 |   4 |         26 | 13.9495145649586 |  0.56788641040765
 307 |   5 |         14 | 17.0019999504089 |   3.7807914352417
 307 |   6 |          5 | 14.5599998474121 |   1.2304838180542
 308 |   1 |         39 | 14.2908333539963 | 0.617761035760244
 308 |   2 |         24 | 16.3291262376656 |  1.65949603191857
 308 |   3 |         32 | 18.5841667334239 |  2.76317564646403
 308 |   4 |         25 | 14.3371795263046 | 0.751235666947487
 308 |   5 |         19 | 15.8671641563302 |  2.42420118246506
 308 |   6 |         11 | 15.5214286191123 |  2.34119520868574
 309 |   1 |         34 | 14.2793814767267 |   0.6278280345435
 309 |   2 |         30 | 16.3435897582617 |  1.64819318820269
 309 |   3 |         38 | 18.6982456508436 |  2.87874402288805
 309 |   4 |         29 | 13.9619565113731 | 0.603159062240435
 309 |   5 |         19 | 15.5780000495911 |  2.12596784591675
 309 |   6 |         12 | 15.5781249701977 |  2.55577059090137
 310 |   1 |         32 | 15.2473684444762 |  1.06209051295331
 310 |   2 |         29 |  16.292982436063 |  1.53775769785831
 310 |   3 |         47 | 18.9115385092222 |  3.04722009255336
 310 |   4 |         32 | 14.1463768309441 | 0.704553161842236
 310 |   5 |         21 | 14.9794872235029 |  1.41974220520411
 310 |   6 |          9 | 16.0947369023373 |  3.04417278892116
 311 |   1 |         29 | 14.5722222593096 | 0.766342431306839
 311 |   2 |         26 |  16.820588238099 |  1.74321980160825
 311 |   3 |         31 | 18.7642201589882 |  2.90152085155522
 311 |   4 |         25 | 14.2321428798494 | 0.712941832485653
 311 |   5 |         13 | 14.3560000991821 | 0.731738386154175
 311 |   6 |          6 | 16.3249999682109 |  3.49345882733663
 312 |   1 |         27 | 14.5710526516563 | 0.780611119772259
 312 |   2 |         22 | 16.5861539253822 |  1.65847626649416
 312 |   3 |         28 | 18.4189999961853 |  2.63842766523361
 312 |   4 |         26 | 14.2804877583574 | 0.750598360852497
 312 |   5 |          8 | 15.2479999160767 |  1.83454684257507
 312 |   6 |          2 | 15.8666664759318 |  3.01360352834066
 313 |   1 |         26 | 14.3660713945116 | 0.676553610180106
 313 |   2 |         26 | 16.6396552118762 |   1.7583902663198
 313 |   3 |         27 | 18.4757143838065 |  2.71277002607073
 313 |   4 |         21 | 14.3212121038726 | 0.781387816775929
 313 |   5 |          7 | 16.1444444126553 |  3.01386449072096
 313 |   6 |          4 |  16.357142993382 |  3.37604379653931
 314 |   1 |         26 | 14.6109589746554 | 0.768250996119356
 314 |   2 |         26 | 16.1584905498433 |  1.56329060837908
 314 |   3 |         24 | 18.5594936563999 |    2.790495911731
 314 |   4 |         25 | 13.8690475849878 | 0.527869030123665
 314 |   5 |          9 | 16.9444443914625 |  4.11186185148027
 314 |   6 |          7 | 16.0900001049042 |  3.09700813293457
 315 |   1 |         21 | 14.1880596929522 |  0.59946016322321
 315 |   2 |         25 | 16.0398305311041 |  1.41247802871769
 315 |   3 |         25 | 18.5921568777047 |  2.73614372225369
 315 |   4 |         22 | 13.9328947192744 | 0.587865440469039
 315 |   5 |         15 | 16.9394736540945 |  4.14844087550515
 315 |   6 |          6 | 15.9476189840408 |  2.78022232509795
 316 |   1 |         30 | 14.8333334014529 |  0.85499362150828
 316 |   2 |         26 | 15.9921052665041 |  1.33778549913774
 316 |   3 |         33 | 18.6926471065072 |  2.78531732103404
 316 |   4 |         26 | 14.0599999596091 | 0.656309478423175
 316 |   5 |         15 | 16.4480770184444 |  3.36949540789311
 316 |   6 |          5 | 15.0076923370361 |  1.80073022842407
 317 |   1 |         28 | 14.6604166527589 | 0.785359625394146
 317 |   2 |         23 | 16.2111110157437 |  1.45809917449951
 317 |   3 |         42 | 18.9331550700142 |  3.02245664341564
 317 |   4 |         23 |  14.175581421963 | 0.705555522164633
 317 |   5 |         14 | 16.5809522810436 |  3.40496247722989
 317 |   6 |          6 | 15.0250000158946 |  1.70985996723175
 318 |   1 |         47 | 14.7251799055141 | 0.832799444953315
 318 |   2 |         31 | 16.0062500119209 |  1.37762013822794
 318 |   3 |         49 | 18.8797546222897 |  2.99686354947236
 318 |   4 |         33 | 14.0639175139752 | 0.623664006744463
 318 |   5 |         17 | 15.8447367768539 |  2.48463156976198
 318 |   6 |          6 | 15.1999999559843 |  1.82041201224694
 319 |   1 |         32 | 14.7473282996025 | 0.832397419532747
 319 |   2 |         18 | 16.7135593123355 |  1.73680886171632
 319 |   3 |         33 | 18.7762294206463 |  2.98446032844606
 319 |   4 |         17 | 13.7363636710427 | 0.454083168145382
 319 |   5 |         15 |  15.781132086268 |  2.41555267909788
 320 |   1 |         27 | 14.8325843275263 | 0.865831998626838
 320 |   2 |         17 | 17.1065217515697 |  1.96569666914318
 320 |   3 |         28 | 18.8148514964793 |  2.95862444792644
 320 |   4 |         22 | 13.8602739882796 | 0.505587812972395
 320 |   5 |         16 | 15.6047618956793 |  2.26744975362505
 320 |   6 |          2 | 17.5999999046326 |  4.90529549121857
 321 |   1 |         32 | 14.4846939067451 | 0.707086533308029
 321 |   2 |         26 | 16.2238094693138 |  1.50517804565884
 321 |   3 |         34 | 18.6753968284244 |  2.81460959192306
 321 |   4 |         24 | 13.9249999622504 | 0.536506044367949
 321 |   5 |         16 | 15.6530611077133 |  2.17634883705451
 321 |   6 |          5 | 14.7466665903727 |  1.37611713409424
 322 |   1 |         25 | 14.5876404408658 | 0.729358525758379
 322 |   2 |         27 | 16.6505155465038 |   1.6941067717739
 322 |   3 |         34 | 18.4141790902437 |  2.55616809361017
 322 |   4 |         27 | 14.0951456606967 |  0.61354107301212
 322 |   5 |         10 | 15.7608695237533 |  1.92412935132566
 322 |   6 |          3 | 16.7636363289573 |  3.69427126104181
 323 |   1 |         30 | 14.5034884630248 | 0.700872700574786
 323 |   2 |         29 | 15.9333332331494 |  1.26915275930154
 323 |   3 |         44 | 18.5619047709874 |  2.75552073404902
 323 |   4 |         24 |  14.289130428563 | 0.712487982667011
 323 |   5 |          8 |  15.736363584345 |  2.28472888469696
 323 |   6 |          3 | 15.6200002670288 |  2.27961893081665
 324 |   1 |         29 |  14.948148171107 | 0.903811656766468
 324 |   2 |         31 | 15.8910256043459 |  1.26144093580735
 324 |   3 |         37 |  18.964102598337 |  3.14693675438563
 324 |   4 |         28 | 14.2239999771118 | 0.701879581212997
 324 |   5 |          9 | 15.0916665792465 |  1.59720583756765
 324 |   6 |          5 | 15.3777779473199 |  2.05055713653564
 325 |   1 |         38 | 15.1244094653392 | 0.995254311505265
 325 |   2 |         39 | 16.8243697991892 |  1.82282012150067
 325 |   3 |         44 |  18.559999961853 |  2.78266693592072
 325 |   4 |         40 | 14.0683544315869 | 0.619846076150484
 325 |   5 |         14 | 15.0947369776274 |  1.72899256254497
 325 |   6 |          8 | 16.4500001271566 |  3.23383042547438
 326 |   1 |         34 | 15.3951922288308 |   1.1387178215843
 326 |   2 |         27 | 16.8258065151912 |  1.79261849900728
 326 |   3 |         29 | 18.7086956397347 |  2.90024302057598
 326 |   4 |         29 | 14.0234042837265 | 0.585057685983942
 326 |   5 |         10 | 15.3521738467009 |   1.9629341830378
 326 |   6 |          3 | 15.5666666030884 |  2.17850780487061
 327 |   1 |         34 | 14.8258426966292 | 0.881593390127246
 327 |   2 |         27 | 16.0318182164972 |  1.36236397380179
 327 |   3 |         27 | 18.8505375769831 |  3.00603571758475
 327 |   4 |         32 | 14.2370786881179 | 0.712353035305323
 327 |   5 |         11 |  15.404166618983 |  2.00023337205251
 327 |   6 |          5 | 15.6555558310615 |  2.44597980711195
 328 |   1 |         26 |  15.144776173492 |  1.02973578136359
 328 |   2 |         28 | 16.1855262957121 |  1.53656826207512
 328 |   3 |         32 | 18.8855421686747 |  2.97099479422512
 328 |   4 |         28 | 14.1934211003153 | 0.710191591789848
 328 |   5 |         10 | 15.6583333412806 |  1.98322073618571
 328 |   6 |          2 |             14.5 |  1.16429829597473
 329 |   1 |         31 | 14.9740741429506 | 0.928669452667236
 329 |   2 |         28 | 16.2229166130225 |  1.53901918480794
 329 |   3 |         37 | 18.9029196996758 |  2.98375860617979
 329 |   4 |         29 | 14.0159091190858 | 0.611868454651399
 329 |   5 |         14 | 16.1999998728434 |  2.83229246669345
 329 |   6 |          5 | 16.0818181471391 |  2.94862768866799
 330 |   1 |         30 | 15.1222222116258 | 0.979050725036197
 330 |   2 |         33 | 16.2714286112523 |  1.51465604462466
 330 |   3 |         43 | 18.9585526491466 |  2.99617402490817
 330 |   4 |         32 | 14.3337209612824 | 0.769283656464067
 330 |   5 |         18 | 16.7423728522608 |  3.49579200502169
 330 |   6 |          4 | 16.4750002622604 |  3.56194615364075
 331 |   1 |         44 | 14.2669811608656 | 0.624991379818826
 331 |   2 |         46 | 16.8958333233992 |  1.88555710141857
 331 |   3 |         47 | 18.7850000063578 |   2.9113812883695
 331 |   4 |         39 | 14.1602272987366 | 0.656849735162475
 331 |   5 |         19 | 16.7097561999065 |   3.4656777381897
 331 |   6 |         10 | 16.0937500596046 |  2.98117798566818
 332 |   1 |         36 | 14.5879311561584 | 0.790051140661897
 332 |   2 |         31 | 17.0212767174903 |  1.94775706402799
 332 |   3 |         35 | 18.5431034811612 |  2.67327752606622
 332 |   4 |         29 | 14.0039216022865 | 0.597473850437239
 332 |   5 |         12 | 16.4800000190735 |  3.14824556112289
 332 |   6 |          4 | 15.9624998569489 |  2.86844891309738
 333 |   1 |         36 | 14.8034883765287 | 0.867492605087369
 333 |   2 |         34 | 16.7098590958286 |  1.75793555588789
 333 |   3 |         32 | 18.4287671650926 |   2.6247604285201
 333 |   4 |         36 | 14.0541666348775 | 0.623258334067133
 333 |   5 |         11 | 16.2250001430511 |  2.84565688371658
 333 |   6 |          8 | 16.0166666507721 |  2.90364480018616
(1211 rows)

