 doy | cat | ct_vessels |     avg_sog      |     avg_exc_fur      
-----+-----+------------+------------------+----------------------
  20 |   1 |          1 |             11.5 |   -0.162412941455841
  22 |   1 |          1 | 8.30000019073486 |   -0.189387738704681
  24 |   5 |          1 | 11.3999996185303 |   -0.469452142715454
  32 |   1 |          2 | 7.90000009536743 |    0.171292096376419
  33 |   1 |          1 |             11.5 |   -0.162412941455841
  33 |   5 |          1 | 11.8000001907349 |   -0.347306966781616
  35 |   5 |          2 | 9.94999980926514 |  -0.0739112496376038
  36 |   3 |          1 | 19.6000003814697 |        3.63338971138
  37 |   1 |          2 | 14.1500000953674 |    0.911957338452339
  37 |   3 |          2 | 17.6499996185303 |     2.18287461996078
  37 |   4 |          1 | 10.6999998092651 |   -0.260010540485382
  37 |   5 |          2 |             11.5 |   -0.422768235206604
  38 |   1 |        110 | 12.2734042654646 |    0.256722604277286
  38 |   2 |         71 | 14.6154109615169 |    0.954929183505169
  38 |   3 |         48 | 17.7310345063264 |     2.14278866847356
  38 |   4 |         56 | 12.4573221665546 |    0.209837352630982
  38 |   5 |         41 | 13.4708860856068 |    0.767361160697816
  38 |   6 |         15 | 13.3260000419617 |    0.623909287452698
  39 |   1 |         96 | 12.1461140059437 |    0.193892150268036
  39 |   2 |         79 | 14.2768707567332 |    0.805292587296492
  39 |   3 |         51 | 17.2138297710013 |     1.74824617898211
  39 |   4 |         59 | 12.5145593767422 |    0.242782696339362
  39 |   5 |         50 | 13.2441025147071 |    0.768728002829429
  39 |   6 |         17 | 14.1392157124538 |     1.37705316263087
  40 |   1 |         84 | 12.2286069808315 |    0.181403219403319
  40 |   2 |         78 | 13.6831884121549 |    0.622767460432605
  40 |   3 |         48 | 17.6358973959572 |     1.88093865732861
  40 |   4 |         59 | 12.5747573013059 |     0.24812987282824
  40 |   5 |         49 | 13.4800865866921 |    0.888360546006785
  40 |   6 |         19 | 13.4625000238419 |      0.6209567040205
  41 |   1 |         95 | 12.5484705958647 |    0.210389711716596
  41 |   2 |         79 | 13.8409091098742 |    0.694487083703279
  41 |   3 |         55 | 17.9429118459709 |     2.12033538160653
  41 |   4 |         66 | 12.5942567892977 |    0.248054360215728
  41 |   5 |         58 | 13.2296703569182 |    0.623291302294958
  41 |   6 |         15 | 13.4132352576536 |    0.636206430547378
  42 |   1 |        104 | 12.7046460493476 |    0.231547793126212
  42 |   2 |         78 | 14.1833773049327 |    0.748612280885903
  42 |   3 |         61 | 18.2370786059662 |      2.3429922119955
  42 |   4 |         69 |  12.653015881493 |    0.251926275945845
  42 |   5 |         62 | 13.1372263031284 |    0.560586696993696
  42 |   6 |         23 | 13.9450000095367 |    0.983305130004883
  43 |   1 |        106 | 12.8011976202091 |    0.299868687600671
  43 |   2 |         84 | 14.2363855327468 |    0.786260547336326
  43 |   3 |         56 | 18.4987394749617 |     2.56490411828546
  43 |   4 |         66 |  12.152103573759 |    0.129885537724665
  43 |   5 |         67 | 12.6520766831054 |    0.279579111371939
  43 |   6 |         23 | 14.2356321619845 |     1.28010256537076
  44 |   1 |        108 | 13.0310344889488 |    0.370862783270966
  44 |   2 |         73 | 14.3549999634425 |    0.841944592114952
  44 |   3 |         56 | 18.2218107431514 |     2.39785477408656
  44 |   4 |         66 | 12.3506134945922 |    0.190725568064883
  44 |   5 |         68 | 12.7601246165338 |    0.283014402768322
  44 |   6 |         18 | 13.4246376839237 |    0.645438657290694
  45 |   1 |        104 | 13.2345177497961 |     0.42200790012851
  45 |   2 |         63 | 13.8818182078275 |    0.726242370991839
  45 |   3 |         57 | 17.9453125223517 |     2.26174981209139
  45 |   4 |         66 | 12.6550185884242 |    0.254507345448639
  45 |   5 |         67 | 13.1411347084857 |    0.525164063095201
  45 |   6 |         23 | 13.5583333651225 |    0.632128604253133
  46 |   1 |         98 | 13.0768292717817 |    0.410978950814503
  46 |   2 |         66 | 13.8524305240975 |      0.6368522727862
  46 |   3 |         50 | 17.9269709686026 |     2.28630577775947
  46 |   4 |         67 | 12.9778481178646 |    0.361803442051139
  46 |   5 |         71 | 13.3583832558044 |    0.786151178939614
  46 |   6 |         19 | 12.8792207395876 |   0.0728200906282896
  47 |   1 |         91 | 13.0262886531574 |    0.385999621112937
  47 |   2 |         65 | 13.8861486799008 |    0.680757216706469
  47 |   3 |         53 | 17.8739130331122 |     2.31386125295059
  47 |   4 |         62 | 13.1127450949226 |    0.416670223466711
  47 |   5 |         66 | 13.2587301284548 |    0.719379185873365
  47 |   6 |         17 | 12.9349206742786 |    0.212870896808685
  48 |   1 |         95 | 13.1526717569385 |    0.432681043866937
  48 |   2 |         63 | 13.8211038995099 |    0.584530085712284
  48 |   3 |         57 | 18.1864753902936 |      2.4762406075587
  48 |   4 |         67 | 12.9898360502524 |    0.387145403467241
  48 |   5 |         57 |  13.097407385155 |    0.704557785722944
  48 |   6 |         21 | 13.5600000493667 |    0.620591315101175
  49 |   1 |         85 | 13.4062344356071 |    0.515392434864567
  49 |   2 |         75 | 14.1759886782048 |    0.733328688111009
  49 |   3 |         57 |  18.067636347684 |     2.37788992665031
  49 |   4 |         68 | 13.0546583922013 |    0.424309001113317
  49 |   5 |         51 | 12.9801886868927 |    0.645583324837235
  49 |   6 |         22 | 13.9965516780985 |     1.06085634231567
  50 |   1 |         89 | 13.1850855811009 |    0.474532447992152
  50 |   2 |         70 | 14.2183976258298 |    0.734848294396075
  50 |   3 |         64 | 18.0412878899863 |      2.3376980645187
  50 |   4 |         69 | 12.7634551533037 |    0.319325296090687
  50 |   5 |         54 | 12.9710743900173 |    0.444818005581533
  50 |   6 |         23 | 14.1000000346791 |     1.23331240451697
  51 |   1 |         95 | 12.9554707488334 |    0.376668485293862
  51 |   2 |         65 | 14.4120129780336 |    0.867511515106474
  51 |   3 |         55 | 18.1576922526726 |     2.45392415477679
  51 |   4 |         55 | 12.5854962217899 |    0.270642381360513
  51 |   5 |         55 | 12.9531249832362 |    0.439408512320369
  51 |   6 |         31 | 14.2839999847412 |     1.51762181282043
  52 |   1 |         98 | 12.8036319499443 |    0.292285441630689
  52 |   2 |         72 | 14.5096774301221 |    0.925591747606954
  52 |   3 |         52 | 18.1232557939929 |     2.44794890936031
  52 |   4 |         60 | 12.8756944702731 |    0.359524935897854
  52 |   5 |         53 | 13.4181817950624 |    0.700772622446993
  52 |   6 |         30 | 14.0486238812088 |      1.2779968812925
  53 |   1 |         93 | 12.7546318387192 |    0.279715631679231
  53 |   2 |         71 | 14.6549295908968 |    0.915258351136261
  53 |   3 |         50 | 18.1751196350207 |     2.49996317687788
  53 |   4 |         56 | 13.1551587032893 |    0.417548497517904
  53 |   5 |         46 | 13.5208889092339 |    0.683550759951274
  53 |   6 |         19 | 13.7154928999887 |    0.965942057085709
  54 |   1 |         90 | 13.0313725484853 |    0.335425276716216
  54 |   2 |         63 | 14.7049382920128 |    0.971408713869597
  54 |   3 |         48 | 18.2202247501759 |     2.41366363375374
  54 |   4 |         56 | 12.8104347768037 |    0.315206729588301
  54 |   5 |         59 | 13.5982456081792 |     0.85310941830016
  54 |   6 |         14 | 12.4019607843137 |   -0.152071190815346
  55 |   1 |         86 | 13.1881118987824 |     0.36418513297201
  55 |   2 |         60 | 15.1010101299093 |     1.11633730295933
  55 |   3 |         42 | 18.6216216989466 |     2.67611440130182
  55 |   4 |         52 | 12.5395349125529 |    0.256900574232257
  55 |   5 |         51 | 13.4192770532815 |    0.703304815005107
  55 |   6 |          9 | 12.6642857279096 |   -0.048325845173427
  56 |   1 |          2 |             12.5 |   0.0681721121072769
  56 |   5 |          1 |               12 |    -0.28167450428009
  57 |   1 |         76 | 12.6779220382889 |    0.263367116838307
  57 |   2 |         60 | 15.0600000143051 |     1.16430135170619
  57 |   3 |         37 | 18.3243244403117 |     2.57512628065573
  57 |   4 |         43 | 12.3813952956089 |    0.204868237639582
  57 |   5 |         48 |  13.708333392938 |    0.950560659170151
  57 |   6 |         17 | 13.4411765827852 |    0.811822512570549
  58 |   1 |          3 | 10.1666668256124 |    0.434730569521586
  58 |   2 |          1 | 11.3999996185303 |   -0.310451120138168
  59 |   1 |          1 | 11.6000003814697 |   -0.145667463541031
  59 |   5 |          1 | 9.19999980926514 |   -0.615428447723389
  59 |   6 |          1 | 11.6999998092651 |   -0.754829168319702
  60 |   1 |         63 | 12.5249999389052 |    0.268163154367357
  60 |   2 |         54 | 14.3981480510147 |    0.831918670623391
  60 |   3 |         32 | 18.0406249463558 |     2.13318409025669
  60 |   4 |         48 | 12.8916666905085 |    0.377661551659306
  60 |   5 |         46 | 13.0586956894916 |    0.484758102375528
  60 |   6 |         16 | 12.6812500357628 |   -0.124312818050385
  61 |   1 |         80 | 12.3462235747507 |    0.241564232507141
  61 |   2 |         72 | 14.3058823791205 |    0.775457142614851
  61 |   3 |         49 | 18.0480225719301 |     2.14100895089618
  61 |   4 |         56 | 12.7301310118629 |    0.293131968600261
  61 |   5 |         62 | 12.9813008289027 |    0.466252906293404
  61 |   6 |         17 | 12.8389830508475 |   0.0263528015653966
  62 |   1 |         79 | 12.7420886121219 |    0.255512929792646
  62 |   2 |         70 |  14.297818180431 |    0.788298283707012
  62 |   3 |         48 | 18.2897726622495 |     2.33165807209232
  62 |   4 |         57 | 12.7523206578025 |     0.30229595542457
  62 |   5 |         59 | 13.1487288111347 |    0.554883648783474
  62 |   6 |         17 | 14.3796874582767 |     1.39164816215634
  63 |   1 |         88 | 13.0351852083963 |    0.349995794671553
  63 |   2 |         74 | 14.6602373590101 |    0.886421869611174
  63 |   3 |         48 | 18.4961538452369 |     2.48758882341477
  63 |   4 |         72 | 13.1336569801503 |    0.356913625422419
  63 |   5 |         74 | 13.1973684168698 |     0.54399319629223
  63 |   6 |         20 | 13.8106796023915 |    0.979218976011554
  64 |   1 |         90 | 12.9333333547978 |    0.343605226261324
  64 |   2 |         66 | 14.5634304188602 |    0.931389998174408
  64 |   3 |         42 | 18.3258064793002 |     2.39054827087669
  64 |   4 |         76 |  12.920273979396 |     0.27751040360699
  64 |   5 |         69 | 13.3433333301544 |     0.56416760067145
  64 |   6 |         21 | 13.7666666741465 |    0.920337976193896
  65 |   1 |         81 |  12.827672967371 |    0.338038579004366
  65 |   2 |         58 | 14.9474999527136 |     1.04185487367213
  65 |   3 |         40 | 18.4832116913621 |     2.46844647139528
  65 |   4 |         61 | 12.7957198610566 |    0.255059580510692
  65 |   5 |         59 | 13.2567346962131 |    0.583464518858462
  65 |   6 |         24 |   13.79868425821 |    0.972113166984759
  66 |   1 |         77 |   12.81213390079 |    0.305661071793305
  66 |   2 |         58 | 15.2091954001065 |     1.14626148428725
  66 |   3 |         42 | 18.0357141877924 |     2.16551688526358
  66 |   4 |         63 | 12.8392523293183 |    0.266861992183133
  66 |   5 |         57 | 13.1448276015534 |    0.599725614333975
  66 |   6 |         22 | 13.6305555105209 |    0.848037236266666
  67 |   1 |         89 | 12.5115131547577 |    0.263034665466923
  67 |   2 |         73 | 14.8588235799004 |    0.993331608745982
  67 |   3 |         40 | 17.2941176225157 |     1.63150841698927
  67 |   4 |         67 | 12.8096491412113 |    0.268707558774112
  67 |   5 |         60 | 13.6089622637011 |     1.05432760715485
  67 |   6 |         30 | 13.7195876210006 |    0.912270015047998
  68 |   1 |         81 | 12.6727574798356 |    0.301936287222511
  68 |   2 |         68 | 14.9797047407425 |     1.05262621797319
  68 |   3 |         47 | 17.7614378492817 |     1.96020299780603
  68 |   4 |         63 | 12.8337606874287 |    0.282307123526549
  68 |   5 |         54 |  13.420792067405 |    0.807616122583351
  68 |   6 |         23 | 13.5816092874812 |    0.804669467882178
  69 |   1 |         88 | 12.6886719018221 |     0.30217475630343
  69 |   2 |         67 | 14.9479069687599 |     1.10032678856406
  69 |   3 |         48 | 17.7716417597301 |      1.9225554030333
  69 |   4 |         63 | 12.9550561422712 |    0.327543328484792
  69 |   5 |         55 | 13.1629629782688 |    0.590325833470733
  69 |   6 |         24 | 13.4739130268926 |    0.605425219604934
  70 |   1 |         92 | 12.7843478299569 |    0.297971692810888
  70 |   2 |         72 | 14.7017123388917 |    0.948201149293821
  70 |   3 |         49 | 18.0000000224394 |     2.14103249171201
  70 |   4 |         54 | 12.8510822258986 |    0.290862931317581
  70 |   5 |         50 | 12.8407407437683 |    0.290472791939185
  70 |   6 |         24 | 13.5170454491269 |    0.720414345914667
  71 |   1 |         94 | 12.7602531602111 |    0.328706617294988
  71 |   2 |         81 | 14.2512345431763 |    0.828908859671634
  71 |   3 |         49 | 18.1617647292567 |     2.24462871750196
  71 |   4 |         59 | 13.2241509131666 |    0.413576051649058
  71 |   5 |         42 | 13.0650485510965 |     0.39228105747584
  71 |   6 |         26 | 13.6267326468288 |    0.724021198725936
  72 |   1 |         86 | 12.8442073086413 |    0.314245074078804
  72 |   2 |         64 | 14.8296747653465 |     1.05777504034643
  72 |   3 |         47 | 18.3926966002818 |     2.46717249342565
  72 |   4 |         60 | 13.1792207816979 |    0.407524278282603
  72 |   5 |         50 | 13.1423913136772 |    0.491944901645184
  72 |   6 |         24 | 13.5357142913909 |    0.893644494669778
  73 |   1 |         86 | 12.8890977730428 |    0.318451058707739
  73 |   2 |         61 | 14.8195876485294 |     1.07005586052678
  73 |   3 |         53 | 18.0985506997592 |     2.22676626754844
  73 |   4 |         66 | 12.8760416383545 |    0.331391776446253
  73 |   5 |         46 | 13.2853146933175 |    0.614753374269792
  73 |   6 |         25 | 13.1628571101597 |    0.279414071355547
  74 |   1 |         95 | 12.8682795583561 |    0.328552533782298
  74 |   2 |         70 | 14.7543795369837 |    0.936443657335574
  74 |   3 |         41 | 18.1380952264176 |      2.2554841860622
  74 |   4 |         60 | 12.8348214030266 |    0.305243363204811
  74 |   5 |         50 | 12.9949999952316 |     0.43590011537075
  74 |   6 |         28 | 13.0441441578908 |    0.153138764269717
  75 |   1 |        100 |  13.196756774026 |    0.426679060668559
  75 |   2 |         78 | 14.5477352026032 |    0.878497161412488
  75 |   3 |         45 | 18.2726707162324 |     2.41112993666844
  75 |   4 |         56 | 12.7820276730621 |    0.296048476811378
  75 |   5 |         54 | 12.9509524027507 |    0.441483128354663
  75 |   6 |         29 | 13.1894230659191 |    0.315055269461412
  76 |   1 |        108 | 12.9493464379529 |    0.387748978204197
  76 |   2 |         76 | 14.4082251317573 |    0.826506578303003
  76 |   3 |         50 | 18.0664473583824 |     2.21335657254646
  76 |   4 |         64 | 12.6703703567465 |    0.267405568764954
  76 |   5 |         62 | 13.4083333651225 |    0.815252462360594
  76 |   6 |         27 | 13.0644737105621 |    0.356410183404621
  77 |   1 |         92 | 13.0430107488427 |    0.374353845273295
  77 |   2 |         78 | 14.8485246017331 |      1.0585282687281
  77 |   3 |         51 | 17.8500000539452 |     2.06693736170277
  77 |   4 |         61 | 12.8155999774933 |    0.323576804876328
  77 |   5 |         61 | 13.4879667768835 |    0.848866357348272
  77 |   6 |         29 | 13.0605769891005 |    0.260138816558398
  78 |   1 |         98 | 12.8490610346548 |    0.334361302460863
  78 |   2 |         79 | 14.5854285594395 |    0.944740261094911
  78 |   3 |         51 | 18.1350211493577 |     2.26799721758074
  78 |   4 |         60 | 12.7869090981917 |    0.334876353523948
  78 |   5 |         58 | 13.5320557468029 |    0.897344156840122
  78 |   6 |         23 | 14.0600000281083 |     1.05673057154605
  79 |   1 |         85 | 12.6868902459377 |    0.223391192079317
  79 |   2 |         77 | 14.6648464170332 |     1.00774227576044
  79 |   3 |         46 | 17.9089285362334 |     2.15338120645001
  79 |   4 |         51 | 12.9698979368015 |    0.408023316641243
  79 |   5 |         56 | 13.3324074414041 |     0.61183007116671
  79 |   6 |         18 |  14.001515157295 |     1.17543547442465
  80 |   1 |         86 | 12.5307692381052 |     0.21763089408368
  80 |   2 |         72 |  14.620085451338 |     0.99360478688509
  80 |   3 |         44 | 17.5453846344581 |     1.98398982469852
  80 |   4 |         55 | 12.9810345446926 |    0.370264943988844
  80 |   5 |         58 | 13.3483516226758 |    0.613986785922732
  80 |   6 |         16 | 14.3522727489471 |     1.41652223196897
  82 |   4 |          1 |             14.5 |    0.773975789546967
  87 |   1 |          1 | 14.1999998092651 |    0.568276226520538
  87 |   2 |          1 |             12.5 |  -0.0892065167427063
  91 |   2 |          1 | 11.3000001907349 |   -0.325439006090164
  91 |   5 |          1 | 12.8000001907349 |   0.0158056020736694
  92 |   2 |          3 | 12.8999999364217 |   0.0458685954411825
  92 |   4 |          1 | 13.3999996185303 |    0.351077854633331
  93 |   1 |          2 | 11.6000003814697 |   -0.134845867753029
  93 |   2 |          1 | 13.1000003814697 |   0.0723887085914612
  94 |   1 |          2 | 11.9500002861023 |     0.11279471218586
  94 |   2 |          1 |               15 |    0.749989688396454
  94 |   3 |          1 | 16.3999996185303 |    0.683945655822754
  94 |   4 |          4 | 8.95000016689301 |   -0.433491595089436
  94 |   5 |          4 | 12.1500002145767 |   0.0816417336463928
  95 |   1 |         86 | 12.7910000228882 |    0.288607254326344
  95 |   2 |         58 | 14.8468965661937 |    0.987416675789603
  95 |   3 |         43 | 18.0337210089661 |     2.20436781090359
  95 |   4 |         59 | 12.5065217467322 |    0.212063539287318
  95 |   5 |         58 |  13.666896576717 |    0.862469959259033
  95 |   6 |         27 | 13.6435484578533 |     1.04004699184049
  96 |   1 |         92 | 12.5997275162783 |    0.232885212112188
  96 |   2 |         67 | 14.7512727095864 |    0.909066061973572
  96 |   3 |         44 | 17.7718562594431 |     1.95526056875012
  96 |   4 |         64 | 12.5597785794867 |    0.220161939129178
  96 |   5 |         54 | 13.4599156198622 |    0.791740331971696
  96 |   6 |         27 |  13.268695640564 |    0.518218185590661
  97 |   1 |         83 | 12.6011673077535 |    0.224221561205526
  97 |   2 |         60 | 15.0067010589482 |    0.978400075865775
  97 |   3 |         45 | 18.2400000205407 |     2.25115587161137
  97 |   4 |         69 | 12.6222222116258 |    0.233734248649506
  97 |   5 |         49 | 13.1928057636288 |    0.603456033648347
  97 |   6 |         21 | 13.5847457788758 |    0.920557304964227
  98 |   1 |        105 | 12.2832335326486 |    0.234957421521941
  98 |   2 |         57 | 15.3437499862451 |     1.09831538638816
  98 |   3 |         43 | 17.3618054919773 |     1.65270446240902
  98 |   4 |         60 | 12.9731182744426 |    0.370039365624869
  98 |   5 |         48 | 13.4543209841222 |    0.656913950855349
  98 |   6 |         16 | 14.3215685825722 |     1.54434463557075
  99 |   1 |        107 | 12.3886414338857 |    0.209023587223151
  99 |   2 |         74 | 15.2775811361352 |     1.12616854308277
  99 |   3 |         56 | 17.8038961113273 |     2.00157763483204
  99 |   4 |         61 | 12.6062069218734 |    0.231307704489807
  99 |   5 |         59 | 13.1591836773619 |    0.514795893552352
  99 |   6 |         18 | 14.1755813997845 |     1.32991535996282
 100 |   1 |        100 | 12.8928143545063 |    0.323263151560001
 100 |   2 |         71 | 14.8717261694726 |    0.973139795252965
 100 |   3 |         53 | 17.5546938682089 |     1.90278672831399
 100 |   4 |         70 | 12.7911845856133 |    0.303247787981979
 100 |   5 |         54 | 12.8630036382011 |    0.342297064515697
 100 |   6 |         28 | 13.7815999946594 |    0.961957298278809
 101 |   1 |         94 | 12.9602499938011 |    0.376701974049211
 101 |   2 |         54 | 14.6830188418334 |    0.916732819153453
 101 |   3 |         50 |  17.422330136438 |     1.90056687535592
 101 |   4 |         74 | 12.6542253813273 |     0.26748736055804
 101 |   5 |         56 | 13.0279476174101 |    0.550267217461199
 101 |   6 |         28 | 13.8379999732971 |     1.22945149898529
 102 |   1 |         99 |   12.85603017184 |    0.384927795385596
 102 |   2 |         58 | 14.8982379005869 |     1.03053325861036
 102 |   3 |         44 | 17.3099337571504 |     1.88399370774528
 102 |   4 |         62 | 12.5288209644468 |    0.195043070737972
 102 |   5 |         57 | 13.0941441767925 |    0.560927648265083
 102 |   6 |         20 | 14.0482352312873 |     1.30301660088932
 103 |   1 |        107 | 12.8837320656297 |    0.378754302502819
 103 |   2 |         63 | 15.1357142471132 |     1.16410966170213
 103 |   3 |         39 | 16.8666666613685 |     1.56197556025452
 103 |   4 |         51 | 12.4415094515063 |    0.187426492993562
 103 |   5 |         45 | 13.0075675912805 |    0.488966463063214
 103 |   6 |         26 | 14.0467391584231 |     1.30434017077736
 104 |   1 |          1 | 11.3999996185303 |   -0.178284019231796
 105 |   1 |          1 | 9.80000019073486 |   -0.306244522333145
 106 |   5 |          1 |              8.5 |    -1.12741661071777
 107 |   1 |          1 |              9.5 |   -0.302193939685822
 107 |   2 |          1 |             14.5 |    0.718514204025269
 108 |   1 |          2 | 11.9499998092651 |  -0.0568009316921234
 108 |   2 |          2 | 14.6999998092651 |     0.67824986577034
 108 |   4 |          1 | 14.1000003814697 |    0.605469524860382
 108 |   5 |          5 |             12.5 |  -0.0448591947555542
 109 |   1 |         91 | 12.8194646812123 |    0.315598406205792
 109 |   2 |         72 | 15.0948484738668 |     1.12712327079339
 109 |   3 |         48 | 18.2852458849631 |     2.37995000810571
 109 |   4 |         57 | 12.6846154194612 |      0.2525429678651
 109 |   5 |         66 | 13.5238970553174 |    0.705701243789757
 109 |   6 |         16 | 13.6967742058539 |    0.840615649377146
 110 |   1 |         79 | 12.9980066480035 |    0.349271717360645
 110 |   2 |         65 | 14.7264227828359 |    0.922610676385523
 110 |   3 |         39 | 18.0393103763975 |     2.21092629350465
 110 |   4 |         62 | 12.7717647496392 |    0.271036904933406
 110 |   5 |         55 |  13.399555560218 |    0.759484112792545
 110 |   6 |         22 | 13.7345238186064 |    0.866239292281015
 111 |   1 |         82 | 12.9116991848003 |    0.338181687098692
 111 |   2 |         66 | 14.8424241871946 |     1.05980552426894
 111 |   3 |         51 | 18.0235293418574 |     2.10760559323686
 111 |   4 |         61 | 12.9108108277487 |    0.339492341496309
 111 |   5 |         49 | 13.2738938141713 |    0.623683764080031
 111 |   6 |         21 | 13.8034090995789 |     1.00557432120497
 112 |   1 |         78 | 12.8128358485094 |    0.390182079130144
 112 |   2 |         76 | 14.5710743964539 |     0.93008503399933
 112 |   3 |         51 | 18.1130435072857 |     2.23807003187097
 112 |   4 |         61 | 12.9044444613987 |    0.347545083253472
 112 |   5 |         61 | 13.2277108177124 |    0.645534920883945
 112 |   6 |         25 | 13.7847059305976 |     1.05647571788115
 113 |   1 |         75 | 12.9476340516509 |    0.421621082332984
 113 |   2 |         74 | 14.6174927091459 |    0.937615604685625
 113 |   3 |         50 | 18.3151785688741 |     2.35097653525216
 113 |   4 |         66 | 12.8777396891215 |    0.342985731077521
 113 |   5 |         54 |  13.454132231799 |    0.892797786342211
 113 |   6 |         22 | 14.3388234979966 |     1.42190539696637
 114 |   1 |         72 | 13.0695512906099 |    0.468675592866464
 114 |   2 |         82 | 14.8494350384858 |    0.991916084609463
 114 |   3 |         52 | 18.5945054567777 |     2.53328313932314
 114 |   4 |         65 | 12.9489726171102 |    0.352365161253981
 114 |   5 |         58 | 13.1747252810132 |    0.689089458504003
 114 |   6 |         17 |  14.006493456952 |     1.09347210301981
 115 |   1 |         84 | 12.9655737694495 |    0.446898675681463
 115 |   2 |         69 | 14.7250814158287 |      0.9426463369632
 115 |   3 |         39 | 18.7858974261162 |     2.78559135397275
 115 |   4 |         62 | 12.6569444404708 |    0.272108822233147
 115 |   5 |         56 | 13.4350746371853 |    0.901396119772498
 115 |   6 |         24 | 13.8873683979637 |     1.15219981293929
 116 |   1 |         84 | 12.8997206488135 |    0.377475714383845
 116 |   2 |         74 | 14.4171511392261 |    0.799034867868867
 116 |   3 |         43 | 18.7455089820359 |     2.83194388243966
 116 |   4 |         59 | 12.5375939921329 |    0.228773334644791
 116 |   5 |         58 | 13.5870629373964 |    0.946681768535734
 116 |   6 |         18 | 14.4372092845828 |     1.66094839850137
 117 |   1 |         74 | 13.0020348887111 |    0.359367944993252
 117 |   2 |         70 | 14.1711598862675 |    0.683339337757015
 117 |   3 |         49 | 18.2658536492324 |     2.39820974338345
 117 |   4 |         53 | 12.6053639901552 |    0.272690799158652
 117 |   5 |         62 | 13.5785185513673 |     0.89553719162941
 117 |   6 |         20 | 13.6013158434316 |     1.01615597699818
 118 |   1 |         68 | 12.8902299020482 |    0.299205072823612
 118 |   2 |         59 | 14.1108280716428 |    0.680040973576771
 118 |   3 |         40 | 18.5262135626043 |     2.63551941774424
 118 |   4 |         51 | 12.6857142978244 |    0.254247599887469
 118 |   5 |         51 | 13.1897059082985 |    0.699842184343759
 118 |   6 |         15 | 13.5499999761581 |    0.983487778902054
 120 |   5 |          2 | 11.7999997138977 |   -0.341097116470337
 121 |   1 |          2 | 14.7999997138977 |    0.984104126691818
 121 |   2 |          1 | 17.7000007629395 |     2.05350804328918
 122 |   1 |          1 | 11.1999998092651 |    -0.20736825466156
 123 |   1 |         54 | 13.3481481340196 |    0.451007125002367
 123 |   2 |         44 | 14.2318182425065 |    0.715538276867433
 123 |   3 |         34 | 18.6500000392689 |     2.71055532203001
 123 |   4 |         43 | 13.0627906710603 |    0.352228361506795
 123 |   5 |         40 | 13.3975000858307 |    0.757557238638401
 123 |   6 |         10 | 14.2900000572205 |     1.40469508171082
 124 |   1 |         78 | 13.4628205329944 |    0.511423784188735
 124 |   2 |         74 | 14.3755626831791 |    0.825723902013907
 124 |   3 |         48 | 18.5331551454921 |     2.68518520804013
 124 |   4 |         53 | 12.9798076955172 |    0.344687234323758
 124 |   5 |         55 | 13.2906103335636 |    0.682987782317148
 124 |   6 |         24 | 13.5378048361802 |    0.620088257440707
 125 |   1 |         84 | 13.3306629631401 |    0.488348688209913
 125 |   2 |         76 | 14.7493902604754 |    0.969057775125271
 125 |   3 |         54 | 18.2451476809345 |     2.41026990172229
 125 |   4 |         50 |  13.050000015487 |     0.38464506327087
 125 |   5 |         57 |   13.33037037143 |    0.800991542030264
 125 |   6 |         21 | 13.1922222455343 |    0.265517950057983
 126 |   1 |         84 | 13.1203309616017 |    0.402934100963263
 126 |   2 |         77 |  14.938423654716 |     1.04442655122632
 126 |   3 |         51 | 18.4417777676053 |     2.53399235725403
 126 |   4 |         51 | 12.9471910276663 |    0.325634073675349
 126 |   5 |         63 | 13.8028268342305 |      1.1168732341945
 126 |   6 |         24 | 13.5061946885776 |     0.62744201812069
 127 |   1 |         89 | 13.3382926661794 |    0.469132780737993
 127 |   2 |         79 |   14.82352940029 |     1.04580005899789
 127 |   3 |         51 | 18.3583691273636 |      2.3915791757117
 127 |   4 |         52 | 12.9541125854889 |    0.340953940178925
 127 |   5 |         57 | 13.6751879606032 |    0.957697644045478
 127 |   6 |         25 | 13.3827586091798 |    0.642298468228044
 128 |   1 |         93 | 13.2778523400326 |    0.455008070940939
 128 |   2 |         71 | 15.2975308433972 |     1.29112473007583
 128 |   3 |         50 | 18.6490195779239 |     2.65520856894699
 128 |   4 |         56 | 13.1148571314131 |    0.370857681376593
 128 |   5 |         55 | 13.6282827998653 |     1.07714555570574
 128 |   6 |         22 | 13.9552239090649 |      1.1994910062249
 129 |   1 |         91 | 13.1377521605588 |    0.441738464646793
 129 |   2 |         64 | 15.4004184471513 |     1.35577439600952
 129 |   3 |         51 | 17.8985437235786 |     2.09316258233728
 129 |   4 |         54 | 12.8999999728158 |    0.299909956683622
 129 |   5 |         57 | 13.5391304619646 |    0.872483395148015
 129 |   6 |         26 | 13.2989473945216 |    0.440910725844534
 130 |   1 |         91 | 12.5649057100404 |    0.273469146355143
 130 |   2 |         65 | 14.7463303224756 |    0.969360507546215
 130 |   3 |         45 | 18.3236220765302 |     2.41204225641536
 130 |   4 |         50 | 13.1468207932621 |    0.377469769792061
 130 |   5 |         48 | 13.5695363985782 |    0.968102050143362
 130 |   6 |         17 | 13.3649123342414 |    0.662473435987506
 131 |   1 |         95 | 12.4997657992522 |     0.21298941767467
 131 |   2 |         74 |  14.256060593056 |    0.750229959505977
 131 |   3 |         54 | 18.4149038401934 |     2.51514375209808
 131 |   4 |         57 | 13.1789256422973 |    0.378789523170014
 131 |   5 |         50 | 13.4008733674428 |    0.893908648511728
 131 |   6 |         21 | 14.0999999676111 |     1.24919492343687
 132 |   1 |         97 |   12.22986668396 |    0.157220121701558
 132 |   2 |         76 | 14.7264615088243 |    0.937690820327172
 132 |   3 |         59 | 17.8871795540182 |     2.07303143362714
 132 |   4 |         56 |  13.135874476668 |    0.363014477919035
 132 |   5 |         54 |  13.707655486878 |     1.07803554112831
 132 |   6 |         27 | 14.0142856909304 |     1.05618236016254
 133 |   1 |         98 | 12.6928074155219 |    0.298704184747351
 133 |   2 |         79 | 14.7015999539693 |    0.973844522714615
 133 |   3 |         54 | 18.1653508157061 |     2.26078852435999
 133 |   4 |         57 | 12.9072289237057 |    0.342498131425505
 133 |   5 |         54 | 13.6189922103586 |    0.974993118944094
 133 |   6 |         30 | 13.5000000433488 |    0.653263349966569
 134 |   1 |         92 | 12.7045454160132 |    0.314194143646293
 134 |   2 |         81 | 14.2942148660497 |    0.801138126160488
 134 |   3 |         54 | 17.9213114742373 |     2.09820235557243
 134 |   4 |         56 | 12.5429752089761 |    0.253349826971361
 134 |   5 |         61 | 13.7021818438443 |     1.07247445258227
 134 |   6 |         20 | 12.5174418382866 |   -0.213892354521641
 135 |   1 |         84 | 12.9972049523585 |    0.313291863254879
 135 |   2 |         84 | 14.4882142663002 |    0.900925873326404
 135 |   3 |         52 | 18.2784431623128 |     2.41540052862224
 135 |   4 |         64 | 12.8832558321398 |    0.336114409219387
 135 |   5 |         57 | 13.3291866060649 |    0.701243325283653
 135 |   6 |         21 | 13.0000000140246 |    0.125716886099647
 136 |   1 |         94 | 12.7542635710664 |    0.236571247494498
 136 |   2 |         72 | 14.3851973618332 |    0.824230227325308
 136 |   3 |         50 | 18.5348718056312 |     2.63942198142027
 136 |   4 |         63 |  12.778291858388 |    0.284275209034041
 136 |   5 |         54 | 13.2452282410934 |    0.598715448775232
 136 |   6 |         25 | 13.4244680506118 |    0.540871158559272
 137 |   1 |         88 | 12.8487544331262 |    0.288472279429011
 137 |   2 |         69 | 14.3967999782562 |    0.812095704555511
 137 |   3 |         43 | 18.3204819380519 |     2.42731767821025
 137 |   4 |         63 | 12.5708333540846 |    0.240566684554021
 137 |   5 |         50 | 13.8131868184268 |     1.18388503920901
 137 |   6 |         21 | 14.2866666475932 |     1.46134014129639
 138 |   1 |         98 | 12.8375609839835 |    0.264774570741305
 138 |   2 |         76 | 14.0726495971028 |    0.684960613393376
 138 |   3 |         49 | 18.7203539493865 |     2.74727306903991
 138 |   4 |         66 | 12.4824324379096 |    0.199549726739123
 138 |   5 |         64 | 13.3335640125209 |    0.775714721646688
 138 |   6 |         20 | 14.4973332977295 |     1.57267218589783
 139 |   1 |         98 | 12.7099173413821 |    0.271613608768656
 139 |   2 |         85 | 14.0949029054457 |    0.669993507196602
 139 |   3 |         56 | 18.2007633929944 |     2.35583911824772
 139 |   4 |         70 | 12.5705014822406 |    0.220750863221543
 139 |   5 |         64 | 13.0437888329074 |    0.530420291497841
 139 |   6 |         25 | 14.2623853858458 |     1.29216374169796
 140 |   1 |         96 | 12.7041063055324 |    0.266938498198698
 140 |   2 |         92 | 14.3665829267933 |    0.826855671465696
 140 |   3 |         51 | 17.9162162402729 |     2.12660826111699
 140 |   4 |         68 | 12.4235714401518 |    0.167834548119988
 140 |   5 |         70 | 12.7573883476126 |    0.341139678488073
 140 |   6 |         20 | 13.8818181335152 |    0.994061429779251
 141 |   1 |         95 | 12.6151933564666 |    0.296538739408577
 141 |   2 |         82 |  14.390935677534 |    0.854115416431985
 141 |   3 |         53 | 18.0127450765348 |     2.16569388613981
 141 |   4 |         67 | 12.4498181793906 |     0.19630530314012
 141 |   5 |         64 | 12.7680933818743 |    0.402670805324376
 141 |   6 |         16 | 14.1095237277803 |     1.16634791237967
 142 |   1 |         63 | 12.4650793378315 |    0.221870632871749
 142 |   2 |         61 | 14.2721312163306 |    0.808710075792719
 142 |   3 |         41 |  18.182926875789 |     2.28894328198782
 142 |   4 |         49 | 12.3367346452207 |    0.186078888421156
 142 |   5 |         49 | 12.7612244936885 |    0.360262297854132
 142 |   6 |          8 | 12.9374998807907 |    0.289195030927658
 143 |   2 |          1 | 9.80000019073486 |   -0.438411623239517
 143 |   4 |          1 | 9.39999961853027 |   -0.423497349023819
 144 |   1 |         76 | 12.8052630989175 |    0.347518775416048
 144 |   2 |         55 | 14.5381818771362 |    0.915822019902143
 144 |   3 |         31 |   17.86774176936 |     2.07908603837413
 144 |   4 |         52 | 12.3153846080487 |    0.155306026912653
 144 |   5 |         54 | 13.1296296649509 |    0.421760391305994
 144 |   6 |         14 | 13.3428571564811 |    0.588474290711539
 152 |   2 |          1 | 15.1999998092651 |    0.834348380565643
 154 |   4 |          1 | 8.89999961853027 |   -0.476826906204224
 156 |   2 |          1 | 15.1999998092651 |    0.834348380565643
 157 |   2 |          1 | 10.6000003814697 |     -0.4049032330513
 158 |   1 |          1 | 13.6999998092651 |    0.392644822597504
 158 |   2 |          1 |             17.5 |     2.55557155609131
 158 |   3 |          1 |               14 |   -0.802598118782043
 158 |   4 |          1 |              7.5 |   -0.625411033630371
 159 |   1 |        100 |  12.281347153718 |    0.339023960841134
 159 |   2 |         66 | 13.1107437866778 |     0.50667245402809
 159 |   3 |         34 | 18.0850746809547 |     2.26705600788344
 159 |   4 |         59 | 11.6096491437209 |  0.00982045526044411
 159 |   5 |         51 | 12.5989690613501 |    0.286911426745739
 159 |   6 |         15 | 13.0033333778381 |    0.595752811431885
 160 |   1 |        116 | 12.0707838518319 |    0.327347589643438
 160 |   2 |         75 | 13.8269531279802 |    0.803669928456657
 160 |   3 |         50 |  17.458988789762 |     1.80275857247663
 160 |   4 |         65 | 11.4794007383482 |  -0.0368108416764477
 160 |   5 |         63 | 12.8907834198068 |    0.481184025788637
 160 |   6 |         27 | 12.2228915720101 |   -0.231740578111396
 161 |   1 |        115 |  11.986874978741 |    0.236830484929184
 161 |   2 |         68 | 14.2068627690957 |    0.894542157357814
 161 |   3 |         55 | 17.8320512975383 |     2.04303316580944
 161 |   4 |         75 | 11.5231012709533 |    -0.02208177066302
 161 |   5 |         57 | 13.1699999892193 |    0.722657675069311
 161 |   6 |         22 |   12.50821925516 |   -0.111536626946436
 162 |   1 |        111 |   11.71269563592 |    0.117451792799908
 162 |   2 |         81 | 14.0665789516349 |    0.842159117366138
 162 |   3 |         62 | 17.6773518768337 |     1.90130210628908
 162 |   4 |         78 | 11.7502747328727 |   0.0366871558375411
 162 |   5 |         52 | 13.1225410230824 |    0.706658333539963
 162 |   6 |         30 | 12.9305085004386 |    0.185322393805294
 163 |   1 |        104 | 11.7072776270041 |    0.101487236845525
 163 |   2 |         69 | 14.4271966323693 |    0.974858669057551
 163 |   3 |         57 | 17.4852534263365 |      1.7772480123054
 163 |   4 |         65 |  11.676890775937 |   0.0187563409074014
 163 |   5 |         45 | 12.6648484490134 |      0.5527956366539
 163 |   6 |         20 | 12.1359375119209 |   -0.311774767935276
 164 |   1 |         95 | 12.0505127955706 |    0.173696332864272
 164 |   2 |         71 | 14.0035294233584 |    0.772273072892544
 164 |   3 |         57 | 17.0937500212874 |     1.52352571327771
 164 |   4 |         60 | 11.9721189697436 |    0.107896324648733
 164 |   5 |         53 | 12.8231481534463 |    0.696476184383587
 164 |   6 |         15 | 12.3081966619023 |  -0.0760732439697766
 165 |   1 |        101 | 11.7625522892844 |    0.153483373413026
 165 |   2 |         78 | 13.6544159430045 |    0.647457683867539
 165 |   3 |         62 | 17.3883392313765 |     1.90659105988358
 165 |   4 |         51 | 12.0000000194267 |    0.108237675936134
 165 |   5 |         75 |  12.649137897053 |    0.613006540584838
 165 |   6 |         25 | 12.6763157970027 |   0.0251806430649339
 166 |   1 |         98 | 12.0969387694281 |    0.256594394162601
 166 |   2 |         76 | 13.7767973974639 |    0.747794380082804
 166 |   3 |         60 | 18.1676595809612 |     2.42001100347397
 166 |   4 |         59 |  11.888000005722 |   0.0842934538125992
 166 |   5 |         60 | 12.3812244785075 |    0.379890740890892
 166 |   6 |         30 | 13.1981818199158 |    0.501880864663558
 167 |   1 |         98 | 12.3126843474959 |     0.33151964460854
 167 |   2 |         71 | 14.0036884839418 |    0.796209919403811
 167 |   3 |         57 | 17.9931217274338 |     2.23765447530797
 167 |   4 |         59 |  12.257211540754 |     0.16758536031613
 167 |   5 |         58 | 12.3970443180629 |    0.217277821648884
 167 |   6 |         25 | 13.4000000272478 |    0.804979738735017
 168 |   1 |        104 | 12.2243644110227 |    0.267488694039442
 168 |   2 |         79 | 13.7520115389221 |    0.770297284355794
 168 |   3 |         56 | 17.4741935364662 |     1.79140336907679
 168 |   4 |         69 | 12.0739645012737 |    0.134599880971147
 168 |   5 |         66 | 12.5934210498082 |    0.244852055256304
 168 |   6 |         31 | 13.8596899453984 |     1.12221433210743
 169 |   1 |        106 | 12.3025242749927 |    0.336062480928828
 169 |   2 |         76 | 13.4334128625638 |    0.629550928503346
 169 |   3 |         59 | 17.8088028430939 |      2.0108294285519
 169 |   4 |         81 | 12.0607499790192 |    0.155635456293821
 169 |   5 |         60 | 12.7847896316676 |    0.397752057387219
 169 |   6 |         28 | 13.5820895664728 |    0.783224771271891
 170 |   1 |         92 | 12.2497325950765 |    0.295247324807121
 170 |   2 |         73 | 13.6667762869283 |    0.731104718129102
 170 |   3 |         58 |  18.183842767274 |     2.30031968048046
 170 |   4 |         69 | 11.9584558606148 |    0.103429383653052
 170 |   5 |         51 | 12.2915841400033 |  -0.0142216186712284
 170 |   6 |         28 | 12.8620370052479 |    0.246008729493177
 171 |   1 |         97 | 11.7611898160183 |    0.194441455450679
 171 |   2 |         70 | 13.2221790027989 |    0.515909465950287
 171 |   3 |         54 | 18.0166667097358 |     2.23658645024864
 171 |   4 |         60 | 11.9842105392824 |    0.115583829843161
 171 |   5 |         44 | 11.8809248477737 |  -0.0910544726200875
 171 |   6 |         22 | 12.8275362926981 |     0.13334013759226
 172 |   1 |         87 | 11.9345070543424 |    0.297431551654574
 172 |   2 |         58 | 12.8678362745988 |    0.337169781240106
 172 |   3 |         59 | 18.0859872854439 |     2.29752329504414
 172 |   4 |         58 | 12.2447916641831 |    0.176883825256179
 172 |   5 |         39 |  12.057812537998 |    0.210254486184567
 172 |   6 |         20 | 11.6491228321142 |   -0.576711077439158
 173 |   1 |         95 | 11.4566860393036 |    0.136328366866638
 173 |   2 |         78 | 13.1057915190472 |     0.42881191846947
 173 |   3 |         61 | 17.5083332786373 |     1.86849662369373
 173 |   4 |         54 | 11.9175355581311 |    0.107136403779848
 173 |   5 |         49 | 12.5424418560294 |    0.556668949681659
 173 |   6 |         20 | 12.3734375089407 |  -0.0264275334775448
 174 |   1 |         86 | 12.0300859612517 |    0.259391899095224
 174 |   2 |         71 | 13.7141025203925 |     0.64607141740047
 174 |   3 |         54 | 16.9456620804251 |     1.38552435239156
 174 |   4 |         54 | 11.5511520710958 | 0.000712605802694224
 174 |   5 |         49 | 12.9700000127157 |    0.704416127148129
 174 |   6 |         16 | 13.1704225607321 |     0.48048760185779
 175 |   1 |         98 | 11.8402843769128 |    0.291929489416534
 175 |   2 |         82 |  14.213202235404 |    0.870924810177824
 175 |   3 |         58 | 17.7028925556782 |     1.88378215328721
 175 |   4 |         56 | 11.3415094483573 |  -0.0224577100771778
 175 |   5 |         59 | 13.0023346077143 |    0.947574528274833
 175 |   6 |         18 | 13.3882353305817 |    0.573941725141862
 176 |   1 |         88 | 11.7359322079157 |    0.275640556670852
 176 |   2 |         78 |  14.363114749799 |    0.966916272386176
 176 |   3 |         58 | 17.8463541815678 |     2.03144744473199
 176 |   4 |         58 | 11.3983957244751 | -0.00251971065679336
 176 |   5 |         61 | 12.9438502852292 |    0.710118563736186
 176 |   6 |         16 | 13.1836363879117 |    0.353464456038042
 177 |   1 |         88 |  11.263636380434 |    0.249637319621715
 177 |   2 |         83 | 14.3941558026648 |     0.99279051864302
 177 |   3 |         60 | 17.5127358616523 |     1.83548326312371
 177 |   4 |         61 | 11.3462745180317 |   -0.027610175632963
 177 |   5 |         66 | 12.3076271303629 |      0.3865619774087
 177 |   6 |         23 | 13.4285714285714 |    0.573944973945618
 178 |   1 |         80 | 11.0462311931591 |    0.227254558897498
 178 |   2 |         67 | 13.8648809478396 |    0.792138937683333
 178 |   3 |         52 | 17.0346774631931 |     1.50298084751252
 178 |   4 |         61 | 10.8423840952235 |   -0.121965403588402
 178 |   5 |         56 |    11.7964029072 |  -0.0984905014792792
 178 |   6 |         11 | 13.8230768717252 |    0.988065967193017
 180 |   2 |          2 | 11.9999995231628 |     1.71926710009575
 180 |   4 |          1 | 10.1000003814697 |    -0.34155011177063
 181 |   1 |          1 | 11.8999996185303 |  -0.0902716517448425
 181 |   2 |          2 | 16.1000003814697 |     1.34544321894646
 182 |   1 |         56 | 11.5785713876997 |    0.208262968276228
 182 |   2 |         30 | 13.3366667429606 |    0.689398862918218
 182 |   3 |         21 | 16.0190475554693 |     1.10665046033405
 182 |   4 |         26 | 11.6461538351499 |   0.0602339460299565
 182 |   5 |         23 | 13.0652173083761 |     1.06521929606147
 182 |   6 |          4 | 13.9749999046326 |     1.33961260318756
 183 |   1 |          3 | 11.8999999364217 |  -0.0857927997907003
 183 |   2 |          1 | 16.6000003814697 |     1.48306083679199
 183 |   5 |          1 | 15.8000001907349 |     1.28032946586609
 183 |   6 |          1 | 10.1999998092651 |    -1.49033832550049
 184 |   1 |         79 | 11.2088608017451 |    0.135547477233259
 184 |   2 |         61 | 13.6918032833787 |     0.81289465554425
 184 |   3 |         46 |  17.976086968961 |     2.15763406390729
 184 |   4 |         60 |  10.783333325386 |   -0.117224915822347
 184 |   5 |         53 | 12.0722222328186 |    0.113595667812559
 184 |   6 |         23 | 11.9500000293438 |    -0.37694342319782
 185 |   1 |         96 | 11.2945147546535 |    0.156334317811934
 185 |   2 |         73 | 13.3600000150276 |    0.583376333569035
 185 |   3 |         72 | 17.9630573054028 |     2.09974297368602
 185 |   4 |         78 | 10.8325122917814 |   -0.107954829490831
 185 |   5 |         65 | 12.0607361969041 |    0.120833760390252
 185 |   6 |         25 | 11.8915253897845 |    -0.44789728067689
 186 |   1 |        108 | 11.3367346756312 |    0.162023162431255
 186 |   2 |         68 | 13.6046153930517 |    0.602438825942003
 186 |   3 |         63 | 17.6017093699203 |     1.82939525445302
 186 |   4 |         90 | 10.9720867216426 |  -0.0918098508019434
 186 |   5 |         67 | 12.2410156298429 |      0.2963403230533
 186 |   6 |         27 |  12.335051507065 |   -0.215189235726583
 187 |   1 |        106 | 10.9499999850687 |    0.131984781210471
 187 |   2 |         82 | 13.4948979802683 |      0.6476501882279
 187 |   3 |         63 | 17.6631783182307 |     1.88598276385965
 187 |   4 |         82 | 10.9959568540362 |  -0.0733216239435654
 187 |   5 |         63 | 12.3598456032948 |    0.359034702124283
 187 |   6 |         27 | 12.7610000133514 |    0.113911933898926
 188 |   1 |         65 | 11.4542105273197 |    0.322874480956479
 188 |   2 |         46 | 13.7499999523163 |    0.776780533393224
 188 |   3 |         41 | 17.3642336191052 |     1.75991725921631
 188 |   4 |         53 | 11.0756756576332 |  -0.0250471912525796
 188 |   5 |         34 | 12.4009615412125 |    0.416940166400029
 188 |   6 |         11 | 12.2520000457764 |   -0.201162977218628
 189 |   1 |         61 |  11.205791508369 |    0.231450653329319
 189 |   2 |         48 | 14.6349206248288 |     1.10935401932272
 189 |   3 |         30 |  17.246206862351 |     1.67172642165217
 189 |   4 |         47 | 11.0877934308119 |  -0.0306898684288974
 189 |   5 |         27 | 11.2483050742392 |   -0.152549458762347
 189 |   6 |         12 | 12.9131578771692 |    0.260484011549699
 190 |   1 |         64 | 10.8634686100527 |     0.12135536798252
 190 |   2 |         39 | 14.3361111270057 |    0.949698055618339
 190 |   3 |         27 | 17.4022727446123 |     1.70227454376943
 190 |   4 |         41 | 11.0831632662793 |  -0.0736700799696299
 190 |   5 |         30 | 11.5363013907655 |    0.103333973721282
 190 |   6 |         13 | 12.6351852240386 |  -0.0834199455049303
 191 |   1 |         69 |   10.85225566527 |   0.0422235032669584
 191 |   2 |         48 | 13.6258064577656 |    0.766124883582515
 191 |   3 |         27 | 18.4090908512925 |     2.45040098344437
 191 |   4 |         44 | 10.8049079421108 |   -0.154978327041755
 191 |   5 |         39 | 12.1521126921748 |    0.260542488014194
 191 |   6 |         10 | 12.5677419170257 |   -0.112665499410322
 192 |   1 |         94 | 11.4311320571779 |    0.138742387388487
 192 |   2 |         66 | 13.3973545246023 |    0.630392093034018
 192 |   3 |         41 | 19.0189189223556 |     2.95127894964304
 192 |   4 |         56 | 11.3706249713898 |  -0.0268851341679692
 192 |   5 |         56 | 12.3515723546346 |    0.506009669048981
 192 |   6 |         13 | 13.5279070610224 |    0.882066488265991
 193 |   1 |         73 | 11.7383177703786 |    0.206449050351838
 193 |   2 |         46 | 13.1000000322898 |    0.637458262011761
 193 |   3 |         31 | 17.8512500047684 |     2.11779183298349
 193 |   4 |         35 | 12.0421568692899 |    0.187303523806965
 193 |   5 |         32 | 12.2659340219183 |    0.563324345992162
 193 |   6 |         11 | 14.0190476008824 |     1.46119097300938
 194 |   1 |        113 |  11.874307284127 |    0.311778028380661
 194 |   2 |         69 | 13.1663793017124 |    0.676999351973164
 194 |   3 |         52 | 17.8183907914436 |     1.94856606680771
 194 |   4 |         60 | 11.5635467632651 |   0.0356843597783244
 194 |   5 |         68 | 12.6371179001821 |    0.544758394035189
 194 |   6 |         19 |  13.539215742373 |     1.06399616540647
 195 |   1 |         70 | 11.6804427995013 |    0.179227359950323
 195 |   2 |         50 |  13.275728144692 |    0.589839296288861
 195 |   3 |         37 | 18.1254658639801 |     2.32954177797211
 195 |   4 |         34 | 11.6941176426956 |   0.0276190358049729
 195 |   5 |         32 | 12.7713286493208 |    0.456590610367435
 195 |   6 |         13 | 13.2113636190241 |     0.43163951960477
 196 |   1 |         89 |  11.747569438484 |    0.237228500242862
 196 |   2 |         63 | 12.7608911094099 |     0.58684098425478
 196 |   3 |         51 | 18.0183908336464 |     2.28373388654884
 196 |   4 |         49 | 11.7723163615512 |   0.0706475062222131
 196 |   5 |         43 | 12.5731884327488 |    0.437458543241888
 196 |   6 |         20 | 13.3520833551884 |    0.781754483779271
 197 |   1 |         87 | 12.1913312832268 |    0.264347884492608
 197 |   2 |         62 | 13.1793578261629 |    0.614219585143098
 197 |   3 |         49 |  18.663742623134 |     2.61620591397871
 197 |   4 |         54 | 11.7706161110322 |   0.0526086534086562
 197 |   5 |         42 | 12.6773972282671 |     0.44569027178908
 197 |   6 |         15 | 13.3923076849717 |    0.560221057671767
 198 |   1 |         86 | 11.9963636311618 |    0.295879883441058
 198 |   2 |         63 | 13.1139423342851 |    0.592994516285566
 198 |   3 |         42 |  18.249629607024 |     2.35178637327971
 198 |   4 |         63 | 11.6578124761581 |   0.0141922916906575
 198 |   5 |         45 | 12.5582089317379 |    0.272095428473914
 198 |   6 |         15 | 12.3119999694824 |   -0.217378396987915
 199 |   1 |         81 | 12.0976076171729 |    0.303674197510669
 199 |   2 |         58 | 12.3499999816219 |    0.321353153170397
 199 |   3 |         45 | 18.0256637725155 |     2.23503649445762
 199 |   4 |         49 | 11.2136363580629 |  -0.0249207180428815
 199 |   5 |         41 | 12.5466101896965 |    0.214383905721923
 199 |   6 |         13 | 12.0422221925524 |   -0.351621007919312
 200 |   1 |         38 | 11.7578947293131 |    0.344871462175721
 200 |   2 |         33 | 12.1666666811163 |    0.487293738307375
 200 |   3 |         27 | 16.9964285918645 |     1.56318181753159
 200 |   4 |         29 | 11.7482758719346 |   0.0657187946911516
 200 |   5 |         23 | 11.9478260123211 |   0.0615224190380262
 200 |   6 |          9 | 12.1000000635783 |   -0.478692690531413
 201 |   1 |         76 | 11.2804232905151 |    0.346601451515521
 201 |   2 |         59 | 12.6025157424639 |    0.549804657322806
 201 |   3 |         49 | 17.0919708196264 |     1.63477576910144
 201 |   4 |         50 | 11.7075187962754 |   0.0719042940247328
 201 |   5 |         38 | 11.6588784511958 |   0.0639673894810899
 201 |   6 |         14 | 12.2583333121406 |   -0.192482537693448
 202 |   1 |         53 | 11.2902777327432 |    0.238563829412063
 202 |   2 |         46 | 13.8379309999532 |    0.830434800222002
 202 |   3 |         39 | 17.2979592693095 |     1.70124055658068
 202 |   4 |         33 |  11.617073187014 | -0.00825307209317277
 202 |   5 |         39 | 12.5625000695388 |    0.620199116567771
 202 |   6 |         11 | 13.2749999761581 |    0.770689710974693
 203 |   1 |         76 | 11.5537313442325 |    0.281149867755264
 203 |   2 |         58 | 13.5613793438879 |    0.703688166675897
 203 |   3 |         51 | 17.0495868241491 |     1.55716436066903
 203 |   4 |         38 | 11.2576576739818 |  -0.0710983926111513
 203 |   5 |         48 | 12.1906976478044 |    0.298403845276943
 203 |   6 |         14 | 13.2634146853191 |    0.843643165216213
 204 |   1 |         41 | 11.4634145294748 |     0.24449205325871
 204 |   2 |         29 |  14.193103412102 |    0.956900998436171
 204 |   3 |         24 | 17.6125000715256 |     1.87684847414494
 204 |   4 |         22 | 11.3318181471391 |  -0.0677973411299966
 204 |   5 |         31 | 12.3064515513759 |    0.234748423099518
 204 |   6 |          8 | 13.4624998569489 |     1.14881229400635
 205 |   1 |         71 | 11.5857142493838 |    0.187580834778528
 205 |   2 |         45 |  13.599999981162 |    0.824093271184851
 205 |   3 |         37 | 18.0418919099344 |     2.23228608917546
 205 |   4 |         40 | 12.0092105363545 |   0.0936704336812622
 205 |   5 |         45 | 12.1397435970795 |   0.0787318524641868
 205 |   6 |         13 | 12.6299999237061 |   0.0770088791847229
 206 |   1 |         54 |  11.751851911898 |    0.317912062009176
 206 |   2 |         25 | 12.6999998855591 |    0.400475990772247
 206 |   3 |         27 | 18.2888888606319 |     2.32175132521877
 206 |   4 |         30 | 11.3600000222524 |  -0.0552577962478002
 206 |   5 |         18 |  12.999999973509 |    0.582250681188371
 206 |   6 |          4 |  13.900000333786 |     1.25204616785049
 207 |   1 |         57 | 11.8456140066448 |    0.337395035383994
 207 |   2 |         30 | 12.6266666730245 |    0.522862011194229
 207 |   3 |         22 | 17.7863636016846 |     1.90572517026554
 207 |   4 |         27 | 11.2000000211928 |  -0.0461531888555597
 207 |   5 |         26 | 12.9192308645982 |    0.585700965844668
 207 |   6 |          7 | 14.9571431023734 |      2.1702196257455
 208 |   3 |          1 | 14.1000003814697 |   -0.609691262245178
 209 |   1 |          1 | 7.30000019073486 |   0.0306198000907898
 210 |   1 |          1 | 10.1000003814697 |   -0.301101922988892
 211 |   4 |          1 | 10.3999996185303 |   -0.302374720573425
 212 |   1 |          2 | 10.4499998092651 |   -0.240238979458809
 212 |   2 |          2 | 15.2000002861023 |     1.30701541900635
 213 |   1 |         31 | 12.3709677419355 |    0.226731851216285
 213 |   2 |         26 | 12.7615385055542 |    0.226854526079618
 213 |   3 |         24 | 17.8875001271566 |     2.09814865887165
 213 |   4 |         24 | 12.4958333174388 |    0.191148668527603
 213 |   5 |         17 |  12.652941311107 |    0.440216096008525
 213 |   6 |         11 |  12.754545471885 |  -0.0467519543387673
 215 |   5 |          1 |               11 |   -0.580736994743347
 216 |   3 |          1 | 18.3999996185303 |     2.52649760246277
 218 |   1 |          1 | 5.59999990463257 |    0.693332731723785
 218 |   5 |          1 | 5.69999980926514 |    -1.77865302562714
 219 |   1 |          5 | 11.1571429116385 |   -0.117586020912443
 219 |   2 |          2 | 12.2000000476837 |   -0.154398396611214
 219 |   3 |          5 |  16.860000038147 |     1.38868732452393
 219 |   4 |          6 | 11.8777778413561 |   0.0392203993267483
 219 |   5 |          5 |  13.099999836513 |    0.187698057719639
 219 |   6 |          1 | 12.3999996185303 |   -0.352941036224365
 220 |   1 |         69 | 11.6531249880791 |    0.201833976246417
 220 |   2 |         37 | 13.8399999989404 |    0.836721681223975
 220 |   3 |         45 |  18.116071424314 |     2.31842770533902
 220 |   4 |         51 | 11.6449612240459 |   0.0364437978859096
 220 |   5 |         31 | 12.0392405051219 |   -0.120176460169539
 220 |   6 |         14 | 11.9374999701977 |   -0.427353553473949
 221 |   1 |         49 | 12.1157143320356 |    0.338310779844012
 221 |   2 |         30 | 14.0148935825267 |    0.860613756357355
 221 |   3 |         37 | 17.5180000591278 |     1.91425815105438
 221 |   4 |         40 |       11.7890625 |    0.115764829795808
 221 |   5 |         26 |   13.01428565979 |     0.58552451644625
 221 |   6 |          7 |  10.066666815016 |    -1.45217829280429
 222 |   1 |         72 | 12.1240837536557 |    0.405853255881065
 222 |   2 |         45 | 13.7323529509937 |    0.674405285979018
 222 |   3 |         45 | 17.7531249523163 |     2.06736156251281
 222 |   4 |         45 | 11.8435114394617 |    0.104841349461606
 222 |   5 |         33 | 12.5442104992114 |     0.34720675004156
 222 |   6 |         14 | 12.2461538559351 |   -0.203068238038283
 223 |   1 |         66 | 12.0513369029856 |     0.26343851962829
 223 |   2 |         41 | 14.6339449138816 |     1.07681696786793
 223 |   3 |         40 | 17.2798164962629 |     1.68036587085199
 223 |   4 |         50 | 11.8184397406612 |    0.144370735325712
 223 |   5 |         37 | 12.5392156769248 |    0.366859328513052
 223 |   6 |         17 | 12.8105263459055 |    0.224697658890172
 224 |   1 |         70 | 11.7623076824042 |    0.224767754857357
 224 |   2 |         42 | 15.0240259387276 |     1.25458569437652
 224 |   3 |         38 | 17.4704698012179 |     1.74393049662545
 224 |   4 |         47 | 11.8211110936271 |   0.0884866939650642
 224 |   5 |         37 | 12.7620438032777 |    0.602369395050689
 224 |   6 |         12 | 13.0297872259262 |    0.503916501998901
 225 |   1 |         77 | 12.1114390925728 |    0.299180785558321
 225 |   2 |         42 | 14.7516556512441 |     1.14301996752126
 225 |   3 |         39 |  17.683076942884 |     1.93122107799237
 225 |   4 |         40 | 11.9328858868388 |    0.101236591003085
 225 |   5 |         30 | 13.1401959681043 |    0.647865041798236
 225 |   6 |         13 | 13.2399999830458 |     0.64197318289015
 226 |   1 |         72 | 12.5390879556488 |    0.410954967383841
 226 |   2 |         50 | 14.6149532861799 |    0.976517662405968
 226 |   3 |         38 | 18.5924138036268 |     2.62743447484641
 226 |   4 |         36 | 11.5121951248588 |  -0.0266726589420947
 226 |   5 |         34 | 12.8363636551481 |    0.558480899442326
 226 |   6 |          9 |   12.68709681111 |    0.281812867810649
 227 |   1 |         59 | 12.1780172422014 |    0.295487224284945
 227 |   2 |         45 | 13.8761290211831 |    0.588311725470328
 227 |   3 |         34 | 18.7278846685703 |     2.78702636063099
 227 |   4 |         31 | 11.6474137635067 |   0.0182095149467731
 227 |   5 |         32 | 12.7378151557025 |    0.359211931208603
 227 |   6 |          7 | 14.0521738632866 |     1.33595661495043
 228 |   1 |         50 | 12.1153225744924 |     0.24046557709094
 228 |   2 |         32 | 14.0034884463909 |    0.807577215654905
 228 |   3 |         28 | 18.6684931010416 |     2.72477747806131
 228 |   4 |         25 | 11.7692307472229 |   0.0386925069185404
 228 |   5 |         27 | 13.0058823753806 |    0.598950175678029
 228 |   6 |          7 | 13.1058824202594 |    0.505651656319113
 229 |   1 |          1 | 12.3000001907349 | -0.00469380617141724
 229 |   4 |          1 | 11.6000003814697 |   -0.108553946018219
 229 |   6 |          1 | 12.3000001907349 |   -0.413071632385254
 230 |   1 |          2 |            12.25 | -0.00791087746620178
 230 |   4 |          1 |                6 |   -0.831160426139832
 230 |   5 |          1 | 18.2999992370605 |     5.72921180725098
 231 |   1 |         61 | 12.6788732669723 |    0.413396074948177
 231 |   2 |         45 | 14.4533898143445 |    0.897471723920208
 231 |   3 |         33 | 17.8380953470866 |     2.04500571744783
 231 |   4 |         35 | 12.1466019593396 |     0.13955761651391
 231 |   5 |         38 | 12.2187500198682 |   0.0525352222224077
 231 |   6 |         10 | 11.8580645899619 |   -0.494410168740057
 232 |   1 |         56 | 12.5286432366874 |    0.399322354014794
 232 |   2 |         45 | 14.7410891197696 |     1.01965623754676
 232 |   3 |         27 | 17.5766666332881 |       1.862993846337
 232 |   4 |         41 | 12.1057471050613 |    0.173313908878414
 232 |   5 |         34 | 12.2029629212839 |   -0.114091201181765
 232 |   6 |         16 | 12.4769230402433 |    -0.16716014788701
 233 |   1 |         55 | 11.9433566506926 |    0.326719245502165
 233 |   2 |         41 | 15.0208695950715 |     1.27567180395126
 233 |   3 |         26 | 17.7569444709354 |     1.89223060343001
 233 |   4 |         37 | 11.2381443436613 |  -0.0379349994905216
 233 |   5 |         29 | 11.8784090930765 |    -0.24580516056581
 233 |   6 |         12 | 12.0818181037903 |   -0.342412103306163
 234 |   1 |         72 | 11.9419889344695 |    0.282746854572665
 234 |   2 |         52 | 13.7818897915637 |    0.713495151264461
 234 |   3 |         44 | 17.8724770458466 |     2.11013054957084
 234 |   4 |         44 | 11.3954198487842 |  -0.0077472367814479
 234 |   5 |         42 | 12.0803571513721 | -0.00403719448617527
 234 |   6 |         14 | 12.2387096343502 |    -0.27645319507968
 235 |   1 |         63 | 11.9225641128344 |    0.327041076849668
 235 |   2 |         43 | 13.1331210227529 |    0.468113085077067
 235 |   3 |         25 | 17.5306817835028 |     1.85459027778019
 235 |   4 |         40 | 11.5860927278632 |  -0.0202042047945869
 235 |   5 |         37 | 12.1924811987052 |    0.202627936700233
 235 |   6 |         12 | 13.2681818008423 |    0.537505913864483
 236 |   1 |         62 |  12.084999999133 |    0.325862601128491
 236 |   2 |         40 | 13.5631249755621 |    0.667729924805462
 236 |   3 |         29 | 17.7824073809165 |     2.10749348115038
 236 |   4 |         47 | 12.1327683615819 |    0.117123510372841
 236 |   5 |         41 |  12.681645574449 |    0.439293170654321
 236 |   6 |         16 | 13.3469696767402 |    0.669195001775568
 237 |   1 |         63 | 12.4635293764227 |    0.373671683493782
 237 |   2 |         36 | 14.0190475781759 |    0.760189035392943
 237 |   3 |         24 | 18.0028986032458 |     2.19703462158424
 237 |   4 |         40 | 12.0722222252498 |    0.111804568814853
 237 |   5 |         35 |  12.701886797851 |     0.30025987411445
 237 |   6 |         15 | 13.4243243062818 |    0.652382708884574
 238 |   1 |         78 | 12.2569231106685 |    0.318989161688548
 238 |   2 |         39 | 14.4628379054972 |    0.908460946300545
 238 |   3 |         31 | 18.0099098875716 |     2.15089715493692
 238 |   4 |         51 | 12.2470588263343 |    0.146560128705174
 238 |   5 |         37 | 12.7045454906695 |    0.287115123235818
 238 |   6 |          9 | 12.5214285509927 |  -0.0740117686135428
 239 |   1 |         65 |  12.262303649443 |    0.294265761113292
 239 |   2 |         39 | 14.5465516715214 |     0.94942111547651
 239 |   3 |         38 | 17.9234693974865 |     2.25545015991951
 239 |   4 |         40 | 11.9647058984813 |   0.0735906415125903
 239 |   5 |         32 |  13.017777718438 |    0.375791417227851
 239 |   6 |          4 | 12.8000000317891 |  -0.0860178271929423
 240 |   1 |         76 | 11.7418772769749 |    0.236711414712431
 240 |   2 |         41 | 14.5397351340742 |     1.06522262609558
 240 |   3 |         47 | 18.3456140624152 |     2.48871819387402
 240 |   4 |         40 | 12.0773006567926 |    0.107948864347364
 240 |   5 |         41 | 13.3184615061833 |     0.62610754599938
 240 |   6 |          4 | 12.6100001335144 |   -0.188686990737915
 241 |   1 |         70 | 12.0140243943145 |    0.286184698524998
 241 |   2 |         32 | 13.9641025799971 |    0.742206374422098
 241 |   3 |         40 | 18.6236558832148 |     2.66813894753815
 241 |   4 |         32 | 12.0885057833003 |   0.0882989322317058
 241 |   5 |         29 | 13.0557376595794 |    0.651500381407191
 241 |   6 |          9 | 13.0352941400865 |    0.146043567096486
 242 |   1 |          1 | 13.3000001907349 |    0.264400660991669
 242 |   2 |          1 | 12.3999996185303 |   -0.113432109355927
 243 |   1 |         65 |  11.959813086786 |     0.20579117369429
 243 |   2 |         30 | 13.2847457497807 |    0.383698578608238
 243 |   3 |         27 | 17.6431370529474 |     1.87188153407153
 243 |   4 |         29 |  11.898275868646 |   0.0658613864717812
 243 |   5 |         37 | 13.0412697489299 |    0.570769097123827
 243 |   6 |         10 | 13.3166667090522 |      0.7395169072681
 244 |   1 |         84 |  11.886297402507 |    0.178746721661126
 244 |   2 |         42 | 13.5892472779879 |    0.569190900332184
 244 |   3 |         37 | 17.8647887203055 |     2.04139931688846
 244 |   4 |         40 |  11.946835466578 |    0.104336564488049
 244 |   5 |         44 | 12.7700000173905 |    0.474523855307523
 244 |   6 |         16 | 13.9561403341461 |     1.08449341121473
 245 |   1 |         71 | 11.8434483117071 |    0.121806820713241
 245 |   2 |         52 | 14.0094594697695 |    0.795909248225324
 245 |   3 |         39 | 17.8793103119423 |     2.10224379342178
 245 |   4 |         43 | 12.0687830612142 |    0.153118191888093
 245 |   5 |         52 | 13.2625592308587 |    0.751412674149066
 245 |   6 |         15 | 13.2253730973201 |    0.405363193198816
 246 |   1 |         69 | 11.9136546184739 |     0.13835121350116
 246 |   2 |         54 | 13.8578125238419 |    0.719274688512087
 246 |   3 |         40 | 18.0356060158123 |     2.22314091162248
 246 |   4 |         38 | 12.4173076825264 |    0.219251920015384
 246 |   5 |         46 | 12.9505318885154 |    0.491888916238825
 246 |   6 |         13 | 13.2489361661546 |    0.308536625922994
 247 |   1 |         72 | 12.5119601325735 |    0.320660702809939
 247 |   2 |         53 | 14.3986784393042 |    0.932214440359418
 247 |   3 |         43 | 18.0711764279534 |     2.24410107276019
 247 |   4 |         40 | 12.2591159989162 |    0.196799533307882
 247 |   5 |         42 | 12.5798913162688 |    0.229073700049649
 247 |   6 |         16 | 12.9400000190735 |    0.143948354721069
 248 |   1 |         76 | 12.4185792370572 |    0.275613385960053
 248 |   2 |         57 | 14.1564285925456 |     0.75735437550715
 248 |   3 |         47 | 18.2166666840062 |     2.26331014073256
 248 |   4 |         46 |  12.149056596576 |    0.193626142616542
 248 |   5 |         53 | 12.7358974310068 |    0.199316181688227
 248 |   6 |         15 | 13.3305555052227 |    0.589013841417101
 249 |   1 |         72 | 12.2713692890658 |    0.217120687991257
 249 |   2 |         49 | 13.9088398000812 |    0.645167768330864
 249 |   3 |         42 | 17.6392592783327 |     1.89092863312474
 249 |   4 |         39 | 12.5877697759395 |    0.251959982964632
 249 |   5 |         39 | 13.1286666997274 |    0.516201773087184
 249 |   6 |         16 | 12.5895833571752 |   0.0615287671486537
 250 |   1 |         80 |  12.081107482848 |    0.204019158593218
 250 |   2 |         49 | 14.4281081380071 |    0.898094608493753
 250 |   3 |         42 | 18.5912751511439 |     2.54263994117711
 250 |   4 |         36 | 12.2236994236191 |    0.138639997884717
 250 |   5 |         42 |  12.988953518313 |    0.568220714150473
 250 |   6 |         16 | 13.0555555858309 |     0.33160436342633
 251 |   1 |         69 | 12.2990782887156 |    0.226673761820464
 251 |   2 |         43 | 14.8284552930816 |     1.08914705892889
 251 |   3 |         42 | 18.2641025689932 |     2.34351829687754
 251 |   4 |         38 | 12.1862318826758 |    0.146501578498578
 251 |   5 |         36 | 13.0462184593457 |    0.529953934565312
 251 |   6 |         16 | 13.2244444423252 |    0.476008484098646
 252 |   1 |          1 | 13.3999996185303 |    0.295405209064484
 253 |   2 |          1 | 12.6000003814697 |   -0.064193069934845
 254 |   5 |          1 | 10.6999998092651 |   -0.658012390136719
 255 |   1 |         43 | 12.2186667569478 |    0.244899399677912
 255 |   2 |         36 |  14.011666727066 |     0.65634091347456
 255 |   3 |         27 |  18.181250055631 |     2.24731888373693
 255 |   4 |         37 | 12.4373134356826 |    0.197928851664956
 255 |   5 |         32 |  12.944642833301 |    0.368116609752178
 255 |   6 |          7 | 10.9636363983154 |   -0.964168310165405
 256 |   1 |         79 | 12.4084000110626 |    0.268152803182602
 256 |   2 |         68 | 13.8088495372671 |    0.585468628369601
 256 |   3 |         52 | 17.7262194854457 |     2.02473817220548
 256 |   4 |         60 | 12.5785714485207 |    0.229299694755856
 256 |   5 |         52 | 12.7898395890221 |    0.326238241425173
 256 |   6 |         23 | 12.9971014935037 |    0.468470290087271
 257 |   1 |         55 | 12.1670967809616 |    0.194505970131966
 257 |   2 |         48 | 13.8734265440827 |     0.66196292513734
 257 |   3 |         27 | 17.0205128315168 |     1.50715202551622
 257 |   4 |         32 | 12.4990290762151 |    0.186268849280274
 257 |   5 |         41 | 12.7480315411185 |    0.196115172284795
 257 |   6 |         15 | 12.2828570638384 |  -0.0979801314217704
 258 |   1 |         49 | 11.6496240465265 |   0.0829862365149018
 258 |   2 |         41 | 14.3310344506954 |    0.882035871261153
 258 |   3 |         31 | 17.4481480798604 |      1.8574108959716
 258 |   4 |         26 | 12.1557142462049 |   0.0543274802821023
 258 |   5 |         46 | 12.9840707947723 |    0.544302140716958
 258 |   6 |         10 |  13.340740804319 |    0.602943870756361
 273 |   1 |          1 | 13.3999996185303 |    0.295405209064484
 275 |   1 |          1 | 12.3999996185303 |   0.0187349915504456
 278 |   1 |          1 |             11.5 |   -0.162412941455841
 286 |   1 |          1 | 12.3000001907349 | -0.00469380617141724
 286 |   5 |          1 | 12.6999998092651 |  -0.0246936082839966
 287 |   2 |          1 | 14.1000003814697 |    0.399666845798492
 288 |   4 |          1 | 11.3000001907349 |    -0.16362327337265
 289 |   1 |         34 | 12.1588235322167 |     0.27723941294586
 289 |   2 |         33 | 15.6606060374867 |     1.54898621909546
 289 |   3 |         28 | 17.7857141835349 |     1.97391855290958
 289 |   4 |         35 | 12.9888889259762 |    0.282055427630742
 289 |   5 |         21 | 14.7095237913586 |     1.87168601013365
 289 |   6 |         10 | 14.2300000190735 |     1.36990432739258
 290 |   2 |          1 | 15.1000003814697 |    0.791887819766998
 292 |   4 |          1 | 5.19999980926514 |   -0.982568860054016
 294 |   5 |          1 | 11.8999996185303 |   -0.314891219139099
 295 |   1 |          1 | 11.8000001907349 |   -0.109588146209717
 298 |   2 |          1 | 8.39999961853027 |   -0.337080925703049
 298 |   4 |          1 |               11 |   -0.213934421539307
 299 |   1 |         40 | 12.8682928085327 |    0.320286470215495
 299 |   2 |         31 | 14.0741936775946 |    0.617921710014343
 299 |   3 |         18 | 17.8444446192847 |     2.37273204988903
 299 |   4 |         25 | 12.7320000457764 |    0.248713574409485
 299 |   5 |         32 | 13.5531250238419 |    0.901187170296907
 299 |   6 |          5 |  15.539999961853 |     2.72723093032837
 300 |   1 |         85 | 12.5683673320173 |    0.234510603607917
 300 |   2 |         59 | 15.0741463730975 |     1.21606998225538
 300 |   3 |         33 | 17.2813084548879 |      1.9021827962911
 300 |   4 |         50 | 13.1987804610555 |    0.412184859376128
 300 |   5 |         42 | 14.1053690814332 |     1.46212236473224
 300 |   6 |          9 | 13.2861111429003 |    0.332294874721103
 301 |   1 |         62 | 12.5419847382844 |    0.237227406324321
 301 |   2 |         44 | 15.1695652319037 |     1.28387071402824
 301 |   3 |         28 | 17.6628100024767 |     2.08904204979416
 301 |   4 |         34 |  13.074050646794 |    0.366044516050363
 301 |   5 |         26 |  13.891379298835 |     1.57057134087743
 301 |   6 |          7 | 12.5718750059605 |   -0.184606239199638
 302 |   1 |         64 | 12.4816732900551 |     0.25190420514084
 302 |   2 |         50 | 14.8356435794641 |     1.15014794822967
 302 |   3 |         29 |  16.812878800161 |     1.47678869601452
 302 |   4 |         33 |  12.753246728476 |     0.29740401444497
 302 |   5 |         26 | 13.2631147924017 |    0.986343208395067
 302 |   6 |         11 | 12.0680851530521 |   -0.183905139882514
 303 |   1 |         64 | 12.5360995743779 |    0.268208744985929
 303 |   2 |         41 | 14.6624242117911 |     1.20733849966165
 303 |   3 |         36 |   17.31793097792 |     1.65096672403401
 303 |   4 |         38 | 12.4601448929828 |    0.206343783200651
 303 |   5 |         23 | 13.0824074038753 |    0.928243079119258
 303 |   6 |         13 | 13.7904761859349 |     1.12023631164006
 304 |   1 |         60 | 12.7222222014902 |    0.331047216331325
 304 |   2 |         39 | 14.2541353828029 |    0.903843250937928
 304 |   3 |         37 | 17.4368000030518 |     1.76129433345795
 304 |   4 |         41 | 12.3866666507721 |    0.205230969587962
 304 |   5 |         29 | 13.6580000019073 |     1.30338219285011
 304 |   6 |          9 | 13.9279998016357 |     1.03028334617615
 305 |   1 |         62 | 12.7722891669676 |    0.283625206075998
 305 |   2 |         39 | 13.9988439262258 |    0.825246909277977
 305 |   3 |         33 | 17.1450704386537 |     1.65524584894449
 305 |   4 |         40 | 12.4782352784101 |    0.176180604100227
 305 |   5 |         31 | 13.7872340121168 |      1.2376838051681
 305 |   6 |         10 | 13.1121212063414 |    0.302101012432214
 306 |   1 |         69 | 12.2931677006787 |    0.197474093540855
 306 |   2 |         50 | 13.8096774162785 |    0.698312350819188
 306 |   3 |         37 | 17.7412371389645 |     2.05215176847792
 306 |   4 |         46 | 12.3732142448425 |    0.174232416653207
 306 |   5 |         44 | 13.5106796199836 |     1.06461992599432
 306 |   6 |         10 | 12.3384615641374 |   -0.306118112344008
 307 |   1 |         60 | 12.4410852997802 |    0.216734949586003
 307 |   2 |         36 | 14.1304347955662 |    0.866098040309937
 307 |   3 |         33 | 17.5370370158443 |     1.90340722137027
 307 |   4 |         38 | 12.8886486362767 |    0.295769324818173
 307 |   5 |         34 | 13.4682926521069 |     0.99133365946572
 307 |   6 |         14 | 12.9440677125575 |   0.0541744717096878
 308 |   1 |         77 | 12.2452458788137 |    0.174888900264365
 308 |   2 |         46 | 13.7138756313963 |    0.724565048109401
 308 |   3 |         38 | 17.5684210877669 |     1.88768083562976
 308 |   4 |         44 | 12.5712820786696 |    0.244921371264335
 308 |   5 |         40 | 13.4755813742793 |    0.816791908339012
 308 |   6 |         21 | 13.4360465005387 |    0.576146996298502
 309 |   1 |         77 | 12.0874073964578 |    0.149314529034827
 309 |   2 |         49 | 13.5551912458868 |    0.629118497742981
 309 |   3 |         43 | 17.8100719589124 |     2.07626054527091
 309 |   4 |         50 |  12.606111102634 |    0.252858875526322
 309 |   5 |         41 | 13.3149659876921 |    0.613578201151219
 309 |   6 |         22 | 13.7966291663352 |    0.879501305269391
 310 |   1 |         89 | 12.2363636517766 |    0.216014324715643
 310 |   2 |         54 | 13.6056451759031 |    0.609565653387577
 310 |   3 |         54 | 18.1733871352288 |     2.32768479662557
 310 |   4 |         62 | 12.5148648764636 |     0.25759302119951
 310 |   5 |         50 | 13.1368420835127 |    0.380162963741704
 310 |   6 |         23 |   13.77241384572 |    0.902799343240672
 311 |   1 |         70 | 12.1944882006157 |    0.146049778292498
 311 |   2 |         42 | 14.1242424466393 |    0.840687356889248
 311 |   3 |         36 | 17.8925372949287 |     2.09335208117072
 311 |   4 |         49 | 12.4401041815678 |    0.235468417406082
 311 |   5 |         33 | 12.6860869614974 |   0.0247279415959897
 311 |   6 |         15 | 13.4763636155562 |    0.656603188948198
 312 |   1 |         58 | 12.4672811042329 |    0.219714378431645
 312 |   2 |         36 | 14.2148760882291 |    0.808155542316516
 312 |   3 |         34 | 17.6795082014115 |     1.93703089678874
 312 |   4 |         45 | 12.5731843410258 |    0.276418726703974
 312 |   5 |         27 |  12.890082619407 |    0.254748741457285
 312 |   6 |         17 | 12.7775509892678 |  -0.0111148503361916
 313 |   1 |         56 |  12.679084964827 |    0.218083421584048
 313 |   2 |         41 | 14.1268293101613 |    0.746804614377216
 313 |   3 |         31 | 17.6202381849289 |     1.98406377860478
 313 |   4 |         37 | 12.7839999885559 |    0.352247705459595
 313 |   5 |         28 | 12.8069999980927 |    0.371821835041046
 313 |   6 |         12 | 12.7441176807179 |    0.188956632333643
 314 |   1 |         53 | 12.5370000267029 |    0.238101142644882
 314 |   2 |         39 |  14.234782586927 |     0.82491101940041
 314 |   3 |         26 | 17.4406249920527 |      1.9442155311505
 314 |   4 |         43 |  12.314999988344 |    0.169998189806938
 314 |   5 |         34 |  12.769480550444 |    0.331835634909667
 314 |   6 |         16 | 13.7232143197741 |    0.931410291365215
 315 |   1 |         47 | 12.4234693926208 |    0.152275647739975
 315 |   2 |         39 |  14.797714315142 |    0.925138471467154
 315 |   3 |         30 | 17.6491803106714 |     1.91076334968942
 315 |   4 |         46 | 12.0878172598514 |     0.13252668801298
 315 |   5 |         45 | 13.1798882777464 |    0.743006359265503
 315 |   6 |         14 | 13.5338461802556 |    0.711785598901602
 316 |   1 |         52 | 12.8709360014629 |    0.331130752128921
 316 |   2 |         40 | 14.4598901140821 |     0.79284474499278
 316 |   3 |         38 | 17.8050955997151 |     1.98608282645037
 316 |   4 |         41 | 12.4999999667323 |    0.252065402997095
 316 |   5 |         42 | 13.4211956806805 |    0.842789538528608
 316 |   6 |         15 | 12.8629032565701 |   0.0745305822741601
 317 |   1 |         52 | 12.6632034437997 |    0.296484542357457
 317 |   2 |         35 |  14.532876641783 |    0.862345835933947
 317 |   3 |         43 | 18.3824120334644 |     2.45128356751485
 317 |   4 |         39 | 12.4211428860256 |    0.261496807166508
 317 |   5 |         40 | 13.2681564032698 |    0.682953017050994
 317 |   6 |         17 | 13.1253968647548 |    0.196822836285546
 318 |   1 |         76 | 13.0989051126216 |    0.398954876691756
 318 |   2 |         52 | 14.3120000076294 |    0.810728541851044
 318 |   3 |         53 | 18.1777174109998 |     2.32480014925418
 318 |   4 |         62 | 12.4259615448805 |    0.216500356363562
 318 |   5 |         51 | 13.1194444285499 |    0.451475048727459
 318 |   6 |         21 | 12.9936507694305 |    0.130049554128495
 319 |   1 |         54 | 13.2523207121258 |    0.437719420164446
 319 |   2 |         26 | 14.4819047655378 |    0.876915519861948
 319 |   3 |         39 | 17.7649680945524 |     2.03477461246928
 319 |   4 |         37 | 12.0088050590371 |   0.0807875434182725
 319 |   5 |         34 | 13.7696551816217 |    0.877028185745765
 319 |   6 |          8 | 11.8459459768759 |   -0.648047163679793
 320 |   1 |         56 | 13.0687500014901 |    0.367174672118078
 320 |   2 |         33 | 14.3683673216372 |    0.834387863777122
 320 |   3 |         32 | 17.8527131782946 |     2.05124182571736
 320 |   4 |         36 | 12.5892561841602 |    0.235596311240157
 320 |   5 |         36 | 13.7495413264003 |    0.875327694853511
 320 |   6 |         12 | 13.0124999880791 |    0.310110256075859
 321 |   1 |         62 | 12.2724528330677 |    0.183369309947176
 321 |   2 |         35 | 14.0121018992867 |    0.731570847095198
 321 |   3 |         41 |   17.56568047563 |     1.82707089926364
 321 |   4 |         38 | 12.6398809410277 |    0.255243477722009
 321 |   5 |         28 | 13.7688073062022 |    0.912072922111651
 321 |   6 |         13 | 13.0288889143202 |    0.161763959460788
 322 |   1 |         55 | 12.4074626734008 |    0.176079131662846
 322 |   2 |         42 | 14.1721925454981 |    0.786448141470312
 322 |   3 |         40 | 17.6678571417218 |     1.82754742034844
 322 |   4 |         44 | 12.7096774347367 |    0.279017788267905
 322 |   5 |         25 | 12.8174312092842 |    0.237997681722728
 322 |   6 |         12 | 13.0454545454545 |    0.447571505199779
 323 |   1 |         64 | 12.1296703684461 |    0.136548826655189
 323 |   2 |         45 | 13.5069999432564 |    0.501430170983076
 323 |   3 |         48 | 18.0247474776374 |     2.14132819392464
 323 |   4 |         47 | 12.4352941115697 |    0.231903981636552
 323 |   5 |         26 | 12.6108333230019 |     0.21524469802777
 323 |   6 |         14 | 12.3354167342186 |   -0.259267558654149
 324 |   1 |         67 | 12.2841772248473 |    0.217776828551594
 324 |   2 |         49 | 12.7244019188949 |    0.337218647796001
 324 |   3 |         42 | 18.2777778080532 |     2.39777624039423
 324 |   4 |         48 | 12.7097560719746 |    0.293457060906945
 324 |   5 |         30 | 12.4330769025362 |   0.0443281100346492
 324 |   6 |         14 | 12.6374999880791 |  -0.0293077081441879
 325 |   1 |         92 |  12.381746036035 |    0.271957864285146
 325 |   2 |         71 | 13.7465384923495 |    0.704876113396425
 325 |   3 |         49 | 17.8640883429933 |      2.0707836948047
 325 |   4 |         63 | 12.9718045041077 |    0.343027287744042
 325 |   5 |         53 | 12.5762376502009 |    0.142740722339932
 325 |   6 |         17 | 13.2250000408718 |    0.579884324754987
 326 |   1 |         72 | 12.9790983278243 |    0.438960295720179
 326 |   2 |         50 | 14.0597826320192 |    0.795719099757464
 326 |   3 |         32 | 18.0427272536538 |     2.20078431584618
 326 |   4 |         44 | 12.9800000160933 |    0.325607244856656
 326 |   5 |         40 | 12.7072992464052 |    0.197832879358835
 326 |   6 |         12 | 12.2733333905538 |   -0.300333166122437
 327 |   1 |         61 | 12.8650000095367 |    0.356099045425653
 327 |   2 |         43 | 13.9230769512921 |    0.619438409276263
 327 |   3 |         32 | 17.9181817661632 |     2.24108300642534
 327 |   4 |         49 | 12.9968553818997 |    0.374932010968526
 327 |   5 |         36 | 12.6772727027084 |    0.207962470975789
 327 |   6 |         10 | 12.7333334022098 |     0.11642411020067
 328 |   1 |         56 | 12.9162651171167 |    0.347235576036465
 328 |   2 |         42 |   14.33823530113 |    0.803454298526049
 328 |   3 |         37 | 18.0198019849192 |     2.20229067778823
 328 |   4 |         42 | 12.9523437656462 |    0.386467673582956
 328 |   5 |         35 | 12.8043103382505 |    0.235436127617441
 328 |   6 |          8 | 12.5636363462968 |   -0.163713596083901
 329 |   1 |         66 | 12.7143939516761 |    0.298091628447627
 329 |   2 |         45 | 14.3089887426141 |    0.777007796791162
 329 |   3 |         41 | 18.2673076971983 |     2.36284521298531
 329 |   4 |         40 | 12.8693430789196 |    0.345313615389984
 329 |   5 |         38 | 13.1536144607038 |    0.611702072333141
 329 |   6 |         14 | 12.7018517476541 |    0.126762703612999
 330 |   1 |         76 | 12.4664092432118 |      0.2674009651521
 330 |   2 |         50 | 14.6299363518976 |    0.860481334719688
 330 |   3 |         49 | 18.3110465338064 |     2.36549054398093
 330 |   4 |         52 | 13.1160839220861 |    0.436138465062722
 330 |   5 |         45 |  13.835256368686 |     1.21815811861784
 330 |   6 |         16 | 13.1500000586877 |    0.359368260090168
 331 |   1 |         92 | 12.3885826801691 |    0.192114737090163
 331 |   2 |         68 | 15.0296774064341 |     1.12118159571002
 331 |   3 |         54 | 17.9958620860659 |     2.15369965125775
 331 |   4 |         60 | 13.0383561963904 |    0.373788213076657
 331 |   5 |         49 | 13.7432203777766 |     1.11141512757641
 331 |   6 |         20 | 13.5938775782682 |    0.768405933769382
 332 |   1 |         73 | 12.7964539223529 |    0.291932928435346
 332 |   2 |         53 | 14.7687500596046 |     1.07763626016676
 332 |   3 |         42 | 17.6708333492279 |     1.87002708845668
 332 |   4 |         51 | 12.9127907364867 |    0.329066780764003
 332 |   5 |         37 | 13.6888888828338 |    0.940970517340161
 332 |   6 |         13 | 13.2678571428571 |    0.516784446580069
 333 |   1 |         80 | 13.0591623046635 |     0.36715095065027
 333 |   2 |         57 | 14.3820895294645 |    0.851719314927485
 333 |   3 |         40 | 17.2065217650455 |     1.68874638754389
 333 |   4 |         57 | 13.1025423599502 |    0.372081784878747
 333 |   5 |         40 | 13.1934782577598 |    0.532487294596174
 333 |   6 |         18 | 13.4054054311804 |    0.646665167164158
(1274 rows)

